target,label,tweet
0,non-depressed,The mainstream has been dead to me for many years. I applaud their continued self destruction.
0,non-depressed,no clue but my new friend likes it and said its very good and i have so much free time so
0,non-depressed,Why can’t I just fall asleep I’m literally so fucking tired and exhausted but my body won’t shut down and rest
0,non-depressed,Agree with you on all points. My son who was such an avid reader in his pre teen years has completely lost interest once he went to US and topic of discussion with his schoolmates were always on e-games. I am now so frustrated with this change..
0,non-depressed,I was there on a Saturday about a month ago and it just was overall very quiet and seemed dead and depressed. I think covid will kill Dublin altogether because people will want jobs for Dublin companies working in towns 2/3/4 hours away.
0,non-depressed,Really feel bad for the Black people who did this movie.  https://t.co/9CoVnDRGzE
0,non-depressed,continue to live happily and stupidly while the company you chose to represent you continues to hurt your fan being a fan just makes me unhappy and frustrated
0,non-depressed,i hate how smart this b!tch is    https://t.co/6ZWRZNCU85
0,non-depressed,I will play a song over and over again until I get tired of it
0,non-depressed,"This one of the  malicious cold hearted sugar babies on here, one just got me blocked not quite a long time ago now after I got her paid. Honestly I was so disappointed and depressed about giving out!"
0,non-depressed,wanna move back to the bay tired of living here can’t stand these people
0,non-depressed,idk why so many people hate him already lol. it’s obvs bc of his religious background ama neyse. i think he will do a good job but yeah we shall see
0,non-depressed,aaa thank you zel 💕i just scream in the comment section. would love to give much more author appreciation but i feel so drained at times haha.
0,non-depressed,Dying yes? But that excruciating pain? I want to skip that.
0,non-depressed,"himself. But for now, getting Chikage back to Itaru. He can't leave Itaru alone for too long. He sighs and clears his throat, patting Chikage on the back]  《I am all right, just tired. I am glad to see you back too.》"
0,non-depressed,"Hi hi moontwt! I'm a bit exhausted today, so stream is getting pushed back to later tonight! 💜🌙"
0,non-depressed,"my party just ended &amp; i’m exhausted &amp; in a super weird mood, so i’m gonna head to bed. goodnight ilysm &lt;3333"
0,non-depressed,"We are sick &amp; damn tired of Covid, Pandemic, Vaccine I live in a Rep. run state we have NOT closed down in the 2 years since it started. Schools have stayed open, We haven't stopped working, We support our Police, our children are NOT being vaccinated, there are no mask mandates"
0,non-depressed,maybe I’m so depressed bc I haven’t had a bagel in weeks
0,non-depressed,Yeah I thought it was very unlike may! So she didn't do it.
0,non-depressed,"What is at the core of your dissatisfaction? Or what are the core elements of your dissatisfaction? I have struggled with depression and self loathing most of my life. But, I got to a place where the list of things I feel good about is longer than the one I don’t like myself over"
0,non-depressed,"Self destruction mode! I used the same phrase when they demolished a temple in Karnataka. Sad that they're behaving like this. Their voters stood by them despite the all the opposition, Lutyens media, international slander. They won't stand by anti-Hindu mandates."
0,non-depressed," is coming on November 19th!   ""I feel like this album is self-destruction, then self-reflection and then sort of self-redemption. But I feel ready. I really want people to hear my side of the story this time.”  https://t.co/HebaAjU5b4"
0,non-depressed,"No angle. You keep putting me in some box with labels. I am a baseball fan that, like many, is frustrated with the game and how it's played (especially by NYY). It's simple preference. I like base-running, hit-and-run, stolen bases and bunts. I like action in the game. That's it."
0,non-depressed,I really hate how depression and adhd have become “trendy” and everyone throws those terms around like nothing 🙄 If you truly deal with those conditions you know its not a fucking JOKE  https://t.co/phFGfWbZ0x
0,non-depressed,i am so exhausted!!!!!!! but the good kind letsgo  finished my ochem exam got a 100 on my stat midterm and applied to 4 labs hopefully i'll have good news in a few weeks!!
0,non-depressed,"When I’m in That London, I do try to walk to most places. The tube is great if you’re in a hurry or exhausted or carrying luggage but you miss so much down there. I like to look up.  https://t.co/0l7KeabdnF"
0,non-depressed,Same but they dont come to portugal so i will just get depressed
0,non-depressed,"I share an office with about 100 of my 'closest friends'. Some evenings while being in that environment day in day out, I would get home and cry because it had drained me so badly. The thought of going back fills me with fear."
0,non-depressed,"He thinks he’s bigger than the sport the sooner he retires the better, think Gosdens getting a bit tired of him.  🤷‍♂️"
0,non-depressed,actually grtting sick nd tired of white old ass men talking to me out of nowhere
0,non-depressed,"“Oh my god yes, fill me kacchan”  ""Fuck, you feel so good, you’re so perfect deku""  Another loud moan echoes in the room when Izuku feels the hot liquid fill him and his legs let go, exhausted as katsuki gives him a kiss on the forehead ""good boy, I'm proud of you deku"""
0,non-depressed,Tried to go to gilcrease this morning … ended up just waving at it as I drove by because there were so many freakin people there .   Bought my first pair of lulu lemon leggings ..  Exhausted myself to the point of no return
0,non-depressed,Tired of hearing “broken bat” and Trea Turner in the same sentence.
0,non-depressed,"We Aren’t the Same  As an example, go to MTG’s &amp; AOC’s tweets. Read the comments. You’ll find a MAJORITY of the comments are from lefties in BOTH places.  Why are leftists like this?  Are they depressed? Are they bullies? Are the masochists? Do they enjoy spewing hate?"
0,non-depressed,are there going to be ODE exams in December? If so when will registration portal open?
0,non-depressed,"Months had now gone by and Dahye made sure to visit every week to see her fathers. Jungkook had gotten so depressed over the past month that he refused to leave the bed.  He would spend most of his time sleeping, preferring to ignore whatever happened outside of his shared room."
0,non-depressed,Feel so exhausted and burn out about my stuff. I need a holiday perhaps.
0,non-depressed,"“Come out you fucking coward!!” yells Goto, smashing through trees. The loud noise of him smashing the trees makes him unable to hear anything…   Until he hears a cracking noise and then excruciating pain shoots up from the back of his ankle."
0,non-depressed,i’m so depressed bout my airpods like where are you ???? i hate living like this !!!!!
0,non-depressed,So that’s really it. I just want one GOOD season in my lifetime
0,non-depressed,"   ""*any* ""extreme"" climate/weather events are now blamed on the latter.""  Because that's actually what's happening. Before you pull out the ""there is no scientific consensus"" read this Wikipedia article because I tired of finding individual sources:  https://t.co/hYNVRuaEX9"
0,non-depressed,Finally. Home sweet home. With all my fav human all weekend. Tired. But worth it.
0,non-depressed,"They should have killed off Ridge years ago. After Stephanie's death, I would have bought a depression storyline that ended in suicide. But this show is never THAT bold."
0,non-depressed,"imma take some rest from twitter 😂 im too tired with streaming ,, please take some rest too unis mwah 💗💗"
0,non-depressed,"just came back from the gym and I regret staying up so late , absolutely exhausted"
0,non-depressed,"It’s hate wearing nappy on my face too, 80% indoors &amp; outdoors we can take off I read. Public transport still though. At this rate, I prefer to get covid, than have to wear it"
0,non-depressed,Some LGBT+ mental health stats on  🌍  🚨half of LGBT+ people have experienced depression  🚨almost 50% of trans people have experienced suicidal thoughts  🚨1 in 8 LGBT+ people aged 18-24 have attempted suicide  keep scrolling for more info⬇️
0,non-depressed,they just went with whatever colour they felt like oh my god
0,non-depressed,Not me apologizing to Tyler for passing out early last night 😭😅 I said I was going to cook dinner for us but I was so exhausted 🥲
0,non-depressed,"By the gods, these past days have left me especially exhausted. 2 days working 11 hours straight each, and tomorrow might be the same.  Luckily. this SHOULD last this week and the next one, then things should be easier again, plus this monday I'll have a free day. So I could ART."
0,non-depressed,Clench your core muscles when you're halfway to getting up. It forces blood back into your head and helps it not be so bad.
0,non-depressed,Tried to find the worst pics possible of The Trio®    https://t.co/HafqBID2U4
0,non-depressed,So frustrated why he's leaving so soon
0,non-depressed,Everyone always praised me for being flexible  - or at least laughed at my butt walk. Little did I know it would cause me a lifetime of problems! Sacro-iliac joint instability. My ligaments are just too stretchy. The past idk how many years I've had excruciating lower back pain
0,non-depressed,Yknow what’s so sick? Working a 14 hour shift in excruciating pain. Just tickles my peach init 👌🏻👌🏻
0,non-depressed," [ she grumbles and takes comfort in the sweet-smelling floof, relaxing and practically sinking into it for refuge.]  mnnnnnnnnneeeeeehhh. (""rough, month, rough, autumn, winter... everything! i feel. lonely. and frustrated."")"
0,non-depressed,The thing is parents are so exhausted being full time carers &amp; managing all the ins &amp; outs of their children’s needs that often they don’t have the energy to pursue a complaint through its processes so just accept what little they get 😢
0,non-depressed,"The pain is excruciating.  Tylenol doesn't do much. After a couple of days of the penicillin, I should be close to 100%"
0,non-depressed,hyunbeen’s visual i swear i’ll never get tired of seeing her face
0,non-depressed,❓Dr Kersi Chadva denied Sushant being bipolar or depressed.  Why did Bollywood including Sushant's friends &amp; colleagues alongwith PR including lutyens media peddle the depression &amp; Suicide theory        DrGupta Said SSR 200% Killed  https://t.co/cTfr9wcxJZ
0,non-depressed,"When you find yourself tired and weary, won't you rest a little while with me? It doesn't have to be all at once. Just once, put down that brave front, and we can lean on one another."
0,non-depressed,Knowing what I know and seeing what I see is only means to self destruction….
0,non-depressed,like ko yan. SM make it happen
0,non-depressed,I just got so exhausted out of nowhere..
0,non-depressed,THE BOYZ 3RD-SINGLE MAVERICK  #더보이즈
0,non-depressed,"TGIF! I am so ready for the weekend! I am so so so so exhausted. Have a great day, everyone! 🥱🤗💕"
0,non-depressed,"Mi tired a di foolishness we need 3rd party, we need a 3rd telecommunications company and we need another electricity company mi tired a di foolishness inna Jamaica!!!!!!!....."
0,non-depressed,i know my friend r tired of me
0,non-depressed,I just cried out to God and the universe last night that im READY! I’m tired of being scared. Let’s go.
0,non-depressed,dont call me “your homie” ever again. NOW GOOD NIGHT BC IM LOSING BRAINCELLS TALKING TO YOU and im getting tired
0,non-depressed,"Frustrated due to academic pressure 😢, also didn't getting much time to explore fir new beginnings in the 3rd year of graduation , why the f**king college's wouldn't shut their shutter down in 2021??"
0,non-depressed,Really just listened to my sister talk about her AP classes for half an hour i feel so mentalled drained wtf
0,non-depressed,i’m sooo tired i’ve been up since 4😭
0,non-depressed,i’m literally so drained at this point of pregnancy i can’t stop sleeping 🥺
0,non-depressed,"Depression is the real killer, I pray for everyone who’s suffering ."
0,non-depressed,Ohh cool I thought about giving these pigs 🐖 water and to know they are loved before they are slaughtered but I have heard it makes you so truly depressed I have thought it but I can't imagine any animals being slaughtered I have seen films where the farmers beat I cried
0,non-depressed,"I think Hungary had lost so much over the years and were in a depression, Russia threatening, Germany meddling, and many may have felt there was no way out of the mess, and had no choice!  Sad situations! The country was conquered so many times!"
0,non-depressed,"Sir, To succeed on Amazon now you have only 2 options: 1: Put a lot of money, or 2: Put all of your life, time, passion everything like Elon did. I consider 2nd option is better than 1st one.  And to stop being frustrated by 2nd option, you should reward yourself continuously 2/2"
0,non-depressed,"solavellan hell really is so deep, im still not sure if i want to punch him in his egg face or fix him. help."
0,non-depressed,I got my ass beat this week in fantasy. No one speak to me. I hate fooseball. Go Carolina Hurricanes!!
0,non-depressed,Well that was a job and a half. I'm exhausted. But new chair on the left! It's so much more comfortable.  https://t.co/6A6XzFBZUF
0,non-depressed,prepped everything to make a new tik tok and gave up because the prep took way too long and now I’m tired
0,non-depressed,Sending some 💜 to all of you who are so exhausted and devastated from the ticket sale experience. I know what it’s like when being kicked out during paying for VIP tics from 2018.     https://t.co/CHzp2hvI4Q
0,non-depressed,Should I get back into the Walking Dead? I feel like everybody gave up on that show after Negan
0,non-depressed," ""Oh no, I'm so depressed because I show my tits and then instantly get enough money to pay this months rent"""
0,non-depressed,"I for one am sick and tired of Tory MPs cracking on about our great democracy. If we had a democracy, the majority of the electorate would be represented, rather than getting a dictatorship voted for by just 40%"
0,non-depressed,He’s got two dogs who he wouldn’t just leave unattended. But my dads brother committed suicide. Dad has depression and adhd. And he has access to guns. So damn it.
0,non-depressed,"me after a bad week: Oh, how my own hubris turned out to be my downfall   me after one single good day: I am going to build the tower of babel"
0,non-depressed,Anastacia - Sick and Tired - how do you like it? ID: 1634466782
0,non-depressed,Don't think I dressed up that last year on the corner and dreams make me restless and not good feeling..at that time and so you help a man with water and he smell awful and in you back pocket pretty close from what you said and well everyone stinks in my opinion except babies a
0,non-depressed,wtf Twitch or microsoft or whichever company is reading all my goddamn stuff on my computer.  I literally made 1 tweet saying I was depressed for a few days and like half the ads on Twitch I get now are suicide prevention.  For fucks sake.
0,non-depressed,i will approach my intense sadness in a healthy way and i will not let myself slip into total despair and self destruction because im a stronger person than i was 5 years ago
0,non-depressed,hey tired lara that’s some nice sunlight and pretty picture you got there
0,non-depressed,"And that's what terrifies me. Maybe it's the paranoia speaking, but I'm worried about that. I'm still going through with it, I'm still trying and going through the proper channels to fix it but I'm still scared. Paranoia sucks. Depression and anxiety have nothing on it."
0,non-depressed,i wanna start school again but seeing everyone posting how they hate it sm and are depressed makes me not want to lol
0,non-depressed,&amp;  problems…  My mom texts me on behalf of my aunt to ask about who a friend should see about excruciating head pain after a car accident (cleared from ER). Asked me which neurosurgeon she should see.   “None. The ER said not surgical.”   How about PM&amp;R?!
0,non-depressed,FINALLY my Black butler artbook 3 came home 😍 I was planning to unbox if after my work but I think I'm too exhausted from my 13 hrs shift. So gotta prolong the excitement till tom. Well at least I was able to spare some time wrapping my Black butler manga so I can read it.  https://t.co/WNIU8a5gPQ
0,non-depressed,"Apparently, in my local A&amp;E, medical students should have a higher pain tolerance for kidney infections just because we understand the pressure the service is under.   Nothing like the addition of guilt to excruciating pain… 😬"
0,non-depressed,I just need to end this playoff drought man tired of paying mfs 🥲
0,non-depressed,Online Counseling for  and . Mindfulness Therapy via Skype. Psychotherapy without drugs. The best option is to treat the underlying cause. Contact me to learn more. See:  https://t.co/2zDgexYm6w…
0,non-depressed,People who listed those as their worst anime haven't seen more than 5 animes lmao
0,non-depressed,"The things we take for granted!.. Just recently, for the first time since I had Cairo, I’ve been able to write again without being in excruciating pain. That’s 15 months!"
0,non-depressed,"I dont feel happy with today's drawing but my mind is so exhausted, I couldn't do better 🤦🏻‍♀️ well…at least I'm still doing inktober. I hope I can complete it 🤞🏻"
0,non-depressed,"I'm super depressed, so naturally I want Chinese food.  Trying to convince my fiance we can afford it by bombarding her with Chinese food related puns.  I think it's working."
0,non-depressed,my stomach has been in excruciating pain the whole day today and i already took a 5 hour nap 😊i love this
0,non-depressed,🗣PLEASE LET THESE PEOPLE KNOW.   It’s become a trend to “manifest” things in your own will and i’m exhausted so I know God is too. 🙄
0,non-depressed,"considering her behavior she could be suffering from mental trauma. Though this was mere speculation she could be telling the truth, but her response could definitely make one think otherwise. Nevertheless, it’s best not to go any further into.  “I see. . .  Exactly what you’re—&gt;  https://t.co/8hboCNT4qS"
0,non-depressed,Can’t believe I was following this guy for a short time… I’ve lost a close family member to depression and it is never joke-worthy. No wonder people who reach out for help aren’t taken seriously when folks trivialise it. Disgusted.
0,non-depressed,my somatic pain is a 12/10 excruciating today pls keep me in ur thots
0,non-depressed,"Dusari aur ek baat bhai,  Jersey pe Red ke saath please please please black mat use Karo, as per numerology Red and Black together give deep depression and failure  I have read it in numerology books,  Also please consult any good numerologist for Team Name, like SRK deed for KKR"
0,non-depressed,bro i think ive been having sex in my sleep or sumn because i wake up with an excruciating pain in my spine everyday
0,non-depressed,I'm so exhausted from all the criming...
0,non-depressed,I feel so exhausted. I just want this sem to end. Now na.
0,non-depressed,"Emotionally exhausted, but happy that I'm finally done..and moving on.  I deserve so much better. I'm excited to see what the rest of the years has for me.💫"
0,non-depressed,Call me s13 olivia bc I’m just so exhausted
0,non-depressed,Same tbh braylin. I've been suffering with panic attacks and disassociation from trauma that occurred last year.
0,non-depressed,Johnny is getting frustrated change the topic guys   https://t.co/mmfyaATivv
0,non-depressed,okay well i pushed myself too hard and over did it and now i’m exhausted so i guess i’m gonna sleep
0,non-depressed,Got home to a weird frog in the kitchen and a dead AC. That seems like a bad omen.
0,non-depressed,oof this weird relationship i have with like REALLY good tv shows/movies that mean so much to me but also always make me a little depressed because I'm here in my boring job
0,non-depressed,I’m so exhausted right now 😩 i just really need to relax
0,non-depressed,"Thank you Jungkook for Still With You, a beautiful song that'll remain forever in our hearts as the most precious gift. We will always walk this path with you, forever with you JK 💜 JUNGKOOK SWY 500 DAYS [일동안스틸윗유  ]"
0,non-depressed,Been doing that for ages. Tired of pundits talking in cliches
0,non-depressed,He was my 2nd favorite player from 2012-16 so OKC most def
0,non-depressed,god my anxiety is just SO bad this whole week but especially today hnghhhhhhhh
0,non-depressed,"There's a semi but you said yourself  you guys played terrible and I agreed with you so you tell me to Jill my self, cool"
0,non-depressed,i feel really exhausted my back hurts so much and i've thrown up 5 times already today
0,non-depressed,Didn't make it to tweet on time guys 😂🤣 sorry I'll catch up tomorrow. Very very tired. Let's all catch some good Zzz zz zz zz zz zz 's Thanks! ❤  https://t.co/TdInHyjR8D
0,non-depressed," ""Oh really now?""  Sylvie smiled and gently kissed the bun on the cheek.  Though she was tired and drained she kept on going without issue.  It had been a long 3 years and yet the two had come so far.  ""It takes a lot more than a sad poem to make me sad now, silly bunny."""
0,non-depressed,greens were sensational again Saturday 👌Never get tired off this view.  https://t.co/B5MJ90UXyi
0,non-depressed,Thought I found a friend here. I trusted him. I defended him. Then he became rude and disrespectful to me out of no where and things he said didn’t add up. I was tired of it all so I blocked him. I wish I hadn’t been so blind.
0,non-depressed,Drove for 15min X4 yesterday w lots of movement in between &amp; that resulted in a night of painsomnia 😒 just a reminder that healing is not linear.   Also tricking your body into relaxing when it’s in excruciating pain is a boss ass skill where do I put it on my resumé?
0,non-depressed,"Oh, i can relate to that, too. Sometimes I feel so bubbly and energetic but after a few days i feel drained already and i have to go back to my cave for a week 🚶"
0,non-depressed,I have not been energetically drained by someone in so longggg ugh
0,non-depressed,"The US Gov, does not control the supply prior to allocation.  But now they can control things, we have all waited a long time for this - wish it happened sooner.  Ironically many groups that are frustrated with the Chinese impact, also hate controls."
0,non-depressed,"y'alllll the all might zine preorders are opening tomorrow omg  everyone did amazing on it, and I hope y'all will enjoy it too!!  💀💀💀 wanted to do a cool post today but im doggone tired so this'll have to do jlkfk;asdl  https://t.co/T4u5PvuKKY"
0,non-depressed,"Be not the slave of your , but their master. But if U are so , so  &amp; so sore that your spirit cannot find deliverance &amp; peace even in , quickly go and give some pleasure to someone lowly or sorrowful,or to a guilty or innocent sufferer!   ‘Abdu’l-Bahá"
0,non-depressed,My head hurts and i wanna d word goodnight loves 😙✌️
0,non-depressed,"To those who survive &amp; carry the mental anguish of evil acts at the hands of others &amp; the depression that accompanies it, yet still carries themselves as if everything is just fine,  I salute you.  You, my friend, are a WARRIOR."
0,non-depressed,The more I play the Sims the more frustrated I get that those homes are so affordable
0,non-depressed,is my account dead check? if you see this reply please!
0,non-depressed,sorrow | pain | sorry | pain | agony | mourning | Anger | weeds | pain | calamity sorry | pain | Kasak | Depression | disaster | grudge | Anxiety | gum | guilt | pain | Tees | heat | distress | Suffer | pain | painful | Bala | Biadhi | sorry | trouble | machination | Torture.
0,non-depressed,"There are nuanced points to be made, but I can't help thinking how futile it is. These people are bragging about not listening.  I'm just disgusted and depressed and acutely aware that this discourse was part of the plan and all these comedians are going to circle the wagons."
0,non-depressed,Why are people on Twitter so depressed I just scroll Through my timeline and Ask myself who hurt this person
0,non-depressed,"GM. Bruce ! TY very much for all prayers for us* Mom comes home today (after 6 months in hospital)! ALLELUIA ! as soon as I have 1 moment, I will come to witness the miracles of JESUS***** (I went to see her every day for six months), so exhausted of course ! But my rock JESUS ✝️"
0,non-depressed,Omg this! And I'm so tired of interacting with them cuz not only do they have this opinion but they think they're right
0,non-depressed," I'm sorry, I got distracted ahead of that by the most tired sounding Pierce Brosnan in the world saying ""I did Bond for ten years... and now this"""
0,non-depressed,best [redacted] stan and we literally unflopped together! best source of her content and your interactions w my other [redacted] stan moots and thinker accs is so cute tbh i wish i had that here (but then again u guys are depressed from her elims sooooO idk if id want that 💅/j)
0,non-depressed,MY EYES ARE TIRED BUT I CANT SLEEP!?#&amp; wtf is wrong w me 😞
0,non-depressed,Stop really I wasn't here... Its hurt
0,non-depressed,The small bar of misery cannot compare to the enormous weight of depression that you put on your mother by being the worst fucking thing she could have popped out
0,non-depressed,"Omo, nobody send u work ooo, if u are tired, move!! Dem no use rope tie u ohh"
0,non-depressed,Hey. Don't fake any mental illnesses for attention. Those include faking depression. I've seen countless number of people faking suicidal thoughts and depression. Faking this stuff is just blocking out the way for people who actually need help. Also please never assume 1/2
0,non-depressed,"Meet the Facebook whistleblower: 37-year-old Frances Haugen, who was hired to help stop election misinformation and grew frustrated by the company’s approach to fixing its flaws.  https://t.co/mUjSpz6zHA via"
0,non-depressed,"Stay positive, chap! Lovely to see you recovering so well 🫂❤️"
0,non-depressed,brilliant offer but the kit my little man wants (away kit) is out of stock and has been for weeks!!!! This offer won’t be on by the time it’s back in stock
0,non-depressed,Y’all read words and misinterpret them the worst way possible. How did you get begging from someone frustrated at the differences in Black business being funded?
0,non-depressed,I just got frustrated sorry guys
0,non-depressed,*they hurriedly make their way back to the train station and wait for the next train to the Crystal Empire  Unikitty: *still a little bit frustrated*  Applebloom: (Is she mad at us?)  Scootaloo: *whispers* Should I tell her?  Sweetie Belle: *whispers* Surprise her on the train.  https://t.co/40iZz6Njos
0,non-depressed,"Was exhausted, so went to bed absurdly early and slept for a handful of hours *without* meds. Now waiting for said meds to kick in and permit me to be unconscious for even longer 😌"
0,non-depressed,"Well, resting to me is better than those mentioned. I just find going outside is a hassle. I be tired again."
0,non-depressed,I hate when people try to talk to me about the vaccine and shit like bro I already got it. What’s the point of the conversation
0,non-depressed,It was pretty disingenuous of Dave to say in one sentence “Twitter is not a real place” then go on to frame a story where a clinically depressed person committed suicide because they defended him on Twitter and received backlash.
0,non-depressed,never in my life have i been so exhausted during a class my god
0,non-depressed,The story of Nikocado's rise to fame and consequent self-destruction is better than anything Hollywood has put out in the last decade
0,non-depressed,All morning sending e-mails. I feel so drained.
0,non-depressed,"I only had a sore arm w/both my Moderna shots, maybe a little tired on 2nd but nothing significant. My brother had Pfizer &amp; just a sore arm as well but his wife had 24hrs of pretty significant flu like symptoms from Pfizer. Hard to say who is going to have a significant reaction."
0,non-depressed,I’m convinced this new generation just wants to be depressed. Just caught my 13 year old on Roblox doing a “depressed” role play with her friends. Maybe I should take all of her amenities so it can be real!
0,non-depressed,"Hey guys! 👋 Help my firefighter friend Keith fight depression, PTSI and suicide 💙 - donate at   https://t.co/PRaEkhPum3"
0,non-depressed,"Not for the rich. The GOP has fixed it so only the middle class feel the pinch. The rich got richer during the Pandemic, the middle class drained their savings.  made Covid a political issue instead of attacking it like we were at war. Now he tries to blame Biden?"
0,non-depressed,:( LISTEN I JUST FUCKING HATE HIM HE WAS SO STUPID AND....UGH
0,non-depressed,I'm so glad your son is safe. God bless you and him. I know you are exhausted.
0,non-depressed,I'm sure Colin Kaepernik knew nothing. Colin's Mama was a 19yr old White Thot. Adopted by a White family. He (like Obama) feels no connection to Blacks. He laughs at self-destruction. Most old Negroes hated the Civil Rights movement. It began our spiritual death.
0,non-depressed,How come ppl wanna show off all day long 🤣 y’all aren’t exhausted from trying so hrdtttt
0,non-depressed,"Bed bugs can be a nightmare to your wallet and can cause physical and psychological trauma. Fortunately, you have the option to sue for damages and get paid for all of your expenses and suffering. So how much Is the average bed bug settlement? https://t.co/BDLINVOysi  https://t.co/4MS0WLRSCX"
0,non-depressed,so did y’all depressed bitches get mitski tickets
0,non-depressed,How about this situation?  https://t.co/ImZZLxhhnk  Reason that happened:  https://t.co/jolAYIxZeE  https://t.co/NGn4IHFkek  https://t.co/OA1iXBlRZU  The relation wasn't properly set so it'd be visible on the TV series page. I fixed that mistake after they had made the submission.  https://t.co/SV5UZEebqA
0,non-depressed,I’m so exhausted!! I need a massage 🥺
0,non-depressed,hello.. dear. i got my sgb tokens stolen and  scammed at discord.  the scammer stole all of 53000 sgbs which were transferred by XRP. so frustrated
0,non-depressed,I hate it when im like super tired but when i go to try and sleep i cant. Like boi what the hell boi
0,non-depressed,Everyone seems to be tired atm lol. I'm glad you're doing well :D
0,non-depressed,Why can’t they issue?  Fear of loosing Poorvanchal Votes in UP?
0,non-depressed,don't be shy dickhead im tired of ur bullshit dm me the screenshots of those pqrts
0,non-depressed,"It's funny to me how Ta/e using sign language (which he usually used from past 2 year especially) is bigger matter than J/K was hor*y, Ji/min was tired he denied, J/k wanted that ass/ His d!ck is throbbing.  And this all happened only yesterday imagine. Hypocrisy runs in this fd  https://t.co/5FPjZgzqmn"
0,non-depressed,Um I did watch the whole play. Blaming the refs for everything that goes wrong for the Bears is tired. And I haven’t seen any Bears reporter or the announcers on tv or radio even mention that that was a horse collar. You know why? Because it wasn’t.
0,non-depressed,I started balling out of no where from the excruciating pain in my knee and my dog came to comfort me and cried next to me and I think that’s so beautiful 🥺
0,non-depressed,"So if it doesn’t work with Teddy, then we are 2 drafts away from getting a rookie QB and 4 seasons from competing for division crown…minimum? I was depressed already and now you’re gonna throw 4 years min on top of me till we are good again?"
0,non-depressed,"What if I told you that my lost grandma was named ""Maring"",  And I am projecting her to this tropical depression that she is avoiding hitting us to reduce our suffering?  Nanay Maring, huwag mo kaming bahain."
0,non-depressed,"These kids are tired of y'all pranks.  Besides,  she knows her son's temper."
0,non-depressed," Literally the episode before this I saw some people being ""Her boobs are actually normal sized!"" and I'm like.. ""For now..""  And next episode this happens and I am laughing so hard lmaoo"
0,non-depressed,"Social media allows people to share their lives, but it also allows others to criticize, belittle, bully, and berate others on such a grand scale that it sometimes leads to depression and in extreme cases, suicide."
0,non-depressed,This is so funny because this exactly what my person would want 💀
0,non-depressed,did not sleep at all and been awake in my head since 3am 😔 yeah i hate post period depression. gonna sip some coffee &amp; read my book.
0,non-depressed,no bc everyone else is 14+ except glasgow. i'm literally so depressed
0,non-depressed,"My high school self would be so proud of my current self.    We did it, we made it out of the trenches of depression, anxiety, self destruction, and toxicity. Now we taking care of our damn selves and doing it with class"
0,non-depressed,Am I the only one who is tired of this meme?
0,non-depressed,"“I feel like this album is self-destruction, then self-reflection and then sort of self-redemption”  https://t.co/j49XolgJpy"
0,non-depressed,I mean depression hurts everyone differently many people can't even get up to take a shower let alone deal with there acne It's obvious he is like that cause of some mental state I think it's better to just not insult him?
0,non-depressed,I don’t feel like getting out the bed 😩 I’m so tired smh
0,non-depressed,im tired of feeling insane bc of jinmin  get me out of here. im in jinmin hell
0,non-depressed,when is season 7 of the flash gonna be on Netflix i am very tired give me my season 7
0,non-depressed,"im so exhausted and drained from today, i did too much and now I'm gonna go sleep"
0,non-depressed,coming back to this to mention I told my gf I was thinking about being michael myers for halloween and it did something to her do I win this
0,non-depressed,He’s one of those frustrated nomads who didn’t do his research on the country before coming here thinking he’d be able to communicate in English and now is having a culture shock 🥴
0,non-depressed,I’m truly embarrassed and depressed by the fact that you fall for the twisted truth of a bunch of imbeciles over several mondial scientists and intelligent persons.  I hate what you stand for lately and wish I knew none of it.
0,non-depressed,very much depressed about neet sir. Now whats the solutions for this to continue our collage .more than 50 students  are in the same situation sir. Say any positive words regarding neet failure
0,non-depressed," What if she has an infant, she come with the child , and, how u and the pikin wan share the mama, still insist on 4kin?..and to make the matter more heavy, she say"" she's so tired, she just one sleep?""...guys please jump on this one!!"
0,non-depressed,I was so exhausted from intrusive thoughts and mood swings that I was falling ASLEEP by the end of the 4 hours exam. I had no brain space for any emotions that I would usually experience during exam.
0,non-depressed,this is literally so good you don’t understand how much i love it &lt;33  https://t.co/7zHnuCnEov
0,non-depressed,"Unfortunately they are.  As a mental health therapist who works in a Trump State, I am starting to get clients who are suffering from depression and anxiety because Trump Lost!  They think this world has gone to hell, and only Trump can save it!  I just want to puke, but I can’t!"
0,non-depressed,I feel you. I have a vacation coming up and I'm already exhausted thinking about the few fun things I have planned. Then I'm afraid I'm going to be bored on the days I don't have plans but want to relax. So confusing lol 😝
0,non-depressed,"god I’m exhausted mentally, emotionally, and physically. so much is stressful and wearing on me. thank god I have someone I feel safe to talk to, even if I gotta wait for him to get home &lt;3"
0,non-depressed,"sir, last 6 hours no power in soolai area erode. This is so repeating any drop of rain power is first cut in this area and never restored.  .. ups battery all drained out.. aged ppl and kids suffering a lot"
0,non-depressed,"I have no clue why I’m so exhausted today  Yesterday too, I couldn’t even go on my full usual hike/jog bc I was so tired? Don’t think I’ll be able to do it today either ugh I’ll just have to do a shorter version"
0,non-depressed,She frustrated the KGB.  They tagged her with the code name Frida. The details in here about how the KGB viewed Chrystia Freeland in Cold War Ukraine are simply fascinating.   https://t.co/CPYlrLSbNN
0,non-depressed,"Hey, depression is a beast that nobody, not even holier-than-thou Xtians deserves to deal with. Let's not make fun of that, please. I'm pissed at this guy too- I don't like some MMA bruh trying mansplain my trauma to me based on a Bronze Age belief system- but cruelty is"
0,non-depressed,We get to his room and his keycard isn't working. 😂😂😂😂 His room mate who is also my boy ofcourse locked him out cos he was busy drilling one babe. Fam he was beating for like an hour. My bOy was fuming cos he was tired and wanted to sleep. 😂😂😂😂😂😂😂
0,non-depressed,Don't forget to laugh this weekend 🤣         https://t.co/2VNhWx8kXx
0,non-depressed,"How depressed are you, mentally healthy ppl don't hate unprovoked lol. I mean this sincerely not as an insult, you should get some help"
0,non-depressed,exhausted 😩 but I have so much to do !!!
0,non-depressed,Her acting is really good. What an Artist  https://t.co/KzBA2VlCvX
0,non-depressed,"Forgot the vitamin D, ran out of lunch food so only had a snack thing of pringles to eat, had to walk 3 miles in the freezing rain, &amp; I’m wondering why I’m exhausted and in a bad mood. Oh and I’ve used 80% of my wifi data halfway through the month and no, it’s not unlimited here"
0,non-depressed,"Then Covid hit and she's been pretty much isolated apart from her bubble, and she's now suffering from serious depression and doesn't realise it, and the old fella won't accept it. Some of you know a few things I've come through, most don't, so I can see it a mile off."
0,non-depressed,"I am! I honestly wanna leave too but my parents are here &amp; I can’t leave them, I’d be so depressed. What do you miss the most?"
0,non-depressed,I'm turning wwe raw on I'm tired of this sport atm
0,non-depressed,The best sleep I’ve had this year was on August 26th. Leeya and I were so exhausted from traveling and lack of sleep BEFORE getting to New Orleans we slept for a whole 8.5 hours in that hotel. Felt like a new person. Good times.
0,non-depressed,"tw // alcoholism , alcoholic   my flatmate rlly went from not drinking at all to me having to hide booze from him in less than 3 months (: im honestly worried about him, i know addiction runs in his family n hes not doing well mentally atm so :/"
0,non-depressed,"I slept for 8 hrs or so, I had naps but I still feel restless."
0,non-depressed,devins: •always wear black •befriend satan •are evil •fine they don’t want to kill people either i guess •hate most people •always depressed •happy only in the presence of homosexuality •normal
0,non-depressed,“Cry when you’re sad. Laugh when you’re happy. Get angry when you don’t like something. Depend on someone when you’re depressed. Care for yourself before you care for others. Don’t hate anyone. Be proud of yourself. Stay loyal when you fall in love.”   – Otonashi Maria
0,non-depressed,"I wonder if Levi ever felt, even distantly, a moment of panic? He can’t see, he lost two fingers, his body is in excruciating pain. He is coughing up blood, he is weak, he has to fulfill his promise. His vow. He is terrified, because he is in pieces, but he pushes those thoughts-"
0,non-depressed,i been having flashbacks all day bro and i’m tired man.
0,non-depressed,It truly hurts to see so many people who look like me battling depression and nowhere to turn.
0,non-depressed,"Although the obstacles are minor,it's enough to overwhelm me.I get drained way too fast.I go from feeling absolutely positive to feeling nearly depressed.I try to think of good thoughts like ice cream.But now I'm also thinking of sprinkles. . .  I hate sprinkles.They taste funny."
0,non-depressed,I think it's unfortunate from the standpoint that everyone doesn't know how to read whether or not someone actually likes them and blessings are being missed for no reason. Now people are depressed cuz they feel alone and can't understand why relationships are so hard to build.
0,non-depressed,Work out does work wonders for a lot of people suffering from depression and anxiety. I am glad you have found a way to deal with these issues.
0,non-depressed,attempted** they always get caught but still manages to run away it makes me so restless
0,non-depressed,"It’s turned into a “holy war”. They view themselves as warriors, saviors, and patriots. In their reality logic and reason have been supplanted by the urging of the spirit. False prophets and teachers are manipulating them into self-destruction for profit with racism at its core."
0,non-depressed,Tired and a lil frustrated… but it’s okay
0,non-depressed,"To all those suffering depression, it does not get better.... YOU get better.  Life still sucks 90% of the time. You do get better at capturing the 10% and you get better at not focusing on the other 90%. You get better at dealing with it.  When I realized this it saved me."
0,non-depressed,wishing I did the expression better cause he just looks mildly inconvenienced and not in excruciating pain pfgdhc
0,non-depressed,shall i bunk school😭 i have not revised one bit and i am so exhausted
0,non-depressed,"So where will they get money when those who generate their income are broke, exhausted &amp; leave?"
0,non-depressed,as someone whose otp isn't one of the main 3 i am so fucking exhausted
0,non-depressed,i don't think AXS in new homes will ever happen but i want to be wrong since they purchased AXS they have shown no progress but it's ok i just tired of trolls
0,non-depressed,"As it is  I wanna take my hat off to cahms for being the least helpful people for my mental health ever, made me go through a therapy ‘boot camp’ and relive trauma which I can assure did not help a severely depressed person.  https://t.co/Zk9w59soCX"
0,non-depressed,Just accidentally clicked a car insurance ad on twitter so now they'll only see me as a depressed pervert that ALSO doesn't trust my own driving ability 😶
0,non-depressed,Kool Moe Dee verse on self destruction is way funnier than it should be. Please miss me with that real hip hop shit lmao
0,non-depressed,100%. A thread on twitter introduced me to hypernormalisation in Soviet Union. Today we've lived through crisis after crisis. We know the system is failing but we can't imagine it changing so keep going on anyway resulting in an ongoing midlife crisis/feeling drained constantly.
0,non-depressed,man i fuckimg hate that 12am+ i get in this breezy fun mindset like  depression no sir idk her. free time babey! just hanging out past my bedtime like a fun kid haha lmao  and in the daytime i'm like fuking hell im an adult what am i doing with my life. where should i be rn?🙃
0,non-depressed,"14 and on Tumblr? Oh boy, now I understand it all.   It's okay sweetie, the trauma will pass. Someday something really important and actually worth suffering for years will happen to you and then maybe you'll move on from this. I'm so sorry for thinking you were a grown up.  https://t.co/0uMWDDAwrt"
0,non-depressed,Nomadic[Bedouin]Values r at d core of   Muhammad galvanised Bedouin ferocity into a Potent united force.After him it become fratricidal. To avoid self destruction it was loosed on neighbouring nations. Islam Spread.Civil war expanded Religion w/t philosophical base is Zero.
0,non-depressed,"I get that it’s usually depressed people, people with low self esteem or who hate themselves and think they deserve punishment or w/e who get wrapped up into this stuff but MAN. I’D RATHER BE SAD AND FEEL SHITTY THAN BE ABUSED BY A CULT."
0,non-depressed,is coming to Chicago when I’m going to be out of town 😭😭. Really tired of getting my heart broken by this man!! That would have been a perfect ass bday gift
0,non-depressed,"Right!  But, during testing yesterday, my daughter was stuck in a room, once she was finished, she couldn’t go anywhere for 40 minutes because other kids were still working on the test.  She was so drained from all of it."
0,non-depressed,Dear    I am completely frustrated with your service I order product on 9 sep which delivered on 11 sep product quality is worst. I applied for return and refund also  talked to your customer support they said we executing returning process
0,non-depressed,I got tired of the T. rex   https://t.co/CzJ8n7CKXL
0,non-depressed,was so tired I knocked out with my makeup on n everything I woke up to pee n I was all confused
0,non-depressed,"She is! It was too hot for walkies/field and I was bored/restless in the yard, so ridey roo we went$"
0,non-depressed,The racism homophobia and sexism in this world is so fucking EXHAUSTING like the same shit over and over for years and years and years like don’t ppl get exhausted being evil and hateful like y’all don’t wanna just idk chill tf out or something.
0,non-depressed,"or sends them into a deep dark depression where they eat their feelings and die of a fucking heart attack, or worse, suicide. there’s more to being overweight than just “laying off biscuits” &amp; mental health plays a key factor. bullying someone into doing something is archaic asf."
0,non-depressed,"I never circled back but I am up to speed on  and you were absolutely right, would have been totally lost if I had joined mid show. I was exhausted by the end of the episode. There was just so much in it!"
0,non-depressed,"“You really handled that one well, asshole,” Tommy bites out. “I’m not going anywhere if you didn’t bring my fucking socks.”  Techno’s look is tired and judging.  “Suffer,” he says flatly and there’s a coughed laugh from the backseat."
0,non-depressed,I have so many things to do I am exhausted constantly and yet I am not doing any of them .  https://t.co/dTSA4VKzzC
0,non-depressed,Me: I feel depleted &amp; depressed. Why is this so?  *period arrives 48 hours later*
0,non-depressed,"There were a few of them, who, despite ALL evidence to the contrary, were very cocksure Chillow would be endgame.   Nothing wrong with hoping, but I got tired of them taunting us with fake spoilers on a daily basis. 🙄"
0,non-depressed,"my drawing is very slow recently, i feel dumb 😭😭  splash art stuff is so damn hard, trying to improve it and made me easily drained"
0,non-depressed,Fuck im so exhausted I'm not ready to see my aunt
0,non-depressed,say helloooo (i used to watch teletubbies so much 😄)  https://t.co/ofkUWJTKu4
0,non-depressed,"Good thing is Kliff has never frustrated us before, right??"
0,non-depressed,When I had one last year - I laid on the table in tears &amp; literally unable to sit up. HORRIFIC PAIN!!! ..... Getting My Cervix Biopsied Without Pain Meds Was Excruciating — This Viral Video Of What It Looks Like Might Explain Why  https://t.co/ThyU5Ixucz via
0,non-depressed,im so tired i just want to sleep
0,non-depressed,"Honestly, 22 year old me who was so lost in her career and rels, who was being held back and abused in all kinds of ways by a boy, who was so fucking depressed she had to take so many pills for her brain to work... she’d be in awe of how much our life turned around in just a year"
0,non-depressed,Sad Loki hours. Must go before self destruction emerges.  https://t.co/MySauXBulK
0,non-depressed,told one of my irl friends shaggy and matt were dating and they dont trust me anymore
0,non-depressed,I’m so sick and tired of this Braves playoff team every year.
0,non-depressed,"Faced with the China challenge, western brains seem to be short-circuiting. And this on top of the woke &amp; snowflake phenomenon. The descent into delusion, idiocy &amp; self-destruction is quite breathtaking. Rome is burning."
0,non-depressed,"Definitely a good thing that Twitter doesn't have the ""Memories"" feature that Facebook does so that I can't waste even more time seeing if my misery from previous years holds up to current misery 😎"
0,non-depressed,"and the Otsutsuki were a clan, momoshiki first appeared back in 2015 and was part of the clan so acting like we just found out that they were a race is just straight caveman mentality and means that you didn't follow Naruto correctly."
0,non-depressed,I’m so exhausted I’ve been laying in the same spot all day perfectly content
0,non-depressed,"I'm exhausted so no cam, but we're pushing through more Psychonauts. Let's talk about your weekend.    https://t.co/wyPPQaJ4RO"
0,non-depressed,"Just wish more folks would hire me for my amazing editing skills... unless all my people are actually sitting here thinking, ""She isn't that good and totally overpriced."" Anyway, now I'm depressed so I'm going to work."
0,non-depressed,Why do I relate to this.  I had to go to bed after beating it because I was so mentally exhausted from everything lol.
0,non-depressed,"Damn, I'm so exhausted. Going outside with just 10°C while wearing just a simple Tshirt is perfectly fine to me... But I still sweated a bit anyway. I guess the stairs to my home are the icing on the cake. I think I'm gonna take another shower today... 😅"
0,non-depressed,"Sarah, please dont hurt yourself, i would probably fall back into my depression if i ever lost you. Now about your mother, i would just try to tell someone about what going on, if you cant then just have some weapon on you and keep your door locked when you can."
0,non-depressed,Have you thought about getting help?
1,mild,I live in Greece and they treat me so bad because I’m not a Greek. I stuck in Greece I couldn’t leave and I can’t leave because I don’t know anyone.Soon I will end in the street with my disabled brother and I’m suffering from depression &amp;  anxiety pls help  https://t.co/11qRfBoXXd  https://t.co/WzUKUBzvDF
1,mild,I’m really just feeling very overwhelmed a d frustrated with constantly being sick and feeling awful.
1,mild,Feeling so down and depressed lately... Idk? PMS lang ata pero goshhhh napawi lahat. I'm so happy for my loved ones success grabe.
1,mild,"I feel depressed sometimes, but not to the point of thinking of suicide. Hopefully it doesn’t go that far. Pretty sure it won’t! I am kidnda an optimistic person!"
1,mild,i feel like it would be easier to go in a room and be like ‘who DOESNT have anxiety/depression?’   friends…why are we all suffering lol
1,mild,Another night of ‘Am I crying because?’ A. The raw pain of being so unhappy all the time. B. My Depression. C. I’m overtired. D. All of the above.
1,mild,I absolutely hate that heavy heart and if something is pressing down my chest depression feeling
1,mild,i’m like why am i so depressed and immobile / doomscrolling? turns out when you forget to take your meds for five days (so you can drink and smoke weed every night) you feel like shit lol oopsies 😎
1,mild,"I'm sick &amp; tired of classifying parents as domestic terrorists for just expressing their concerns at a school board meeting. Meanwhile those who burn, loot, vandalize, assault/murder are just participating in a 'mostly peaceful protest.' It's galling!"
1,mild,i hate that i get mad at myself for using sexual assault as an excuse— i mean like shit im depressed what more do you want me to say lmao
1,mild,Looking to find a doctor who can give me an answer to why I’m always so exhausted. An answer other than depression (which is being treated!) being the cause. I really think there’s more to it
1,mild,some stuff happened (outside twitter) and... im not feeling well at all. im actually pretty depressed now. so i'll take a few days to rest. i'll be back dw. don't know when
1,mild,"Nauseous everyday, behind in school, can't take my meds because of the nausea, the fear of having any procedures done. I'm so exhausted."
1,mild,Having one of those days where I’m quite literally so exhausted from being alive and enduring almost two years in a pandemic in the most expensive and chaotic city in the country while being so stressed out in my career that my mental health will not allow me to rest
1,mild,my account is hacked I reported the issue to customer service but I’m suffering from anxiety and depression since the hacker stole my account I have all my information  please help assist me further
1,mild,"I love my job but I don’t wanna work rn. I need a long vacation, I’m so exhausted"
1,mild,Lately I've just been drinking tea with honey. Also I'm so depressed. Hehe
1,mild,"Dad got chemo and could eat again. Yet, the day after chemo, I couldn't move from my bed. I was so mentally exhausted from going back and forth, wondering how he was. I was conflicted. Why am I still sad when this is prolonging my time with you? (14)"
1,mild,Whenever I get depressed i think about joining the army to suicide by combat.   What's your cope?
1,mild,I be so drained by everybody else it’s like when do I get the ME time. I guess it don’t matter tho just keep it pushing Asha 💙
1,mild,"That sucks :(  I HATE it when I build up the guts to reach out and get knocked down. But then I think of all the times I’ve used “busy” when I was actually depressed or burnt out, and I’m so thankful for the friends who didn’t give up on me in those times."
1,mild,How did you get tested for it? &amp; how many days before your period does it happen?  I'm learning alot from joining fb groups about it. It explains so much. Every month I get extremely depressed and crazy. Its ruining my relationship. Thank you I hope you find the right remedies:)
1,mild,"My mom asked me if I was depressed due to my suspicious behavior... Couldn't bring myself to admit that hust to worry her more. So I lied, saves her the wahala."
1,mild,I'm so depressed omg do you wanna fuck
1,mild,The only perk of being really depressed rn is that I have literally 0 appetite lol
1,mild,"we're both a mess lol it's just gotten to a point where I feel it both physically and mentally too much and there's so much stuff I need to do but I'm so exhausted that my ability to focus is below zero rn  like, I can recognize that I'm doing badly and need to do sth abt it 😭"
1,mild,I am so socially drained after this last week
1,mild,"I’m so tired of all of it. So so tired. I can’t even get angry anymore, just depressed now."
1,mild,Istg i have been so angry and restless these past few days.
1,mild,"My life is legitimately shit rn. Like not even in a depressed self-hate way. Like I’m in love with a girl that I really don’t even want to be with, and I’m pretty sure she doesn’t have feelings for me but sometimes I think she does. Feeling things sucks."
1,mild,Halloween is my favorite holiday and I haven’t even decorated my house yet bc I’m just so depressed this year
1,mild,"people ask why i sleep so much, maybe because it’s the only time i don’t feel drained and i’m actually at peace lol"
1,mild,I went from being Almost 125 lbs to 109 lbs 😞. that depression shit is no joke and i hate how my body looks now
1,mild,Why dad ??!!! As it is I have enough anxiety and trauma - why do you wanna increase it just because you want to meet him and then compare his daughters accomplishments with mine 🤡🤡🤡🤡🤡
1,mild,one thing i’m grateful for is that despite all my anxiety and depression i sleep the sleep of the dead    https://t.co/BSOXCTATNR
1,mild,"Goddamn i hate my family sometimes can't tell them niggas im in excruciating pain or else my mom will bitch and moan and say  ""nothings ever good enough for you or just straight up call me a fucking know it all"" because i try and talk to her"
1,mild,"I really fucking hate that I'm at the mercy of pills to operate at something close to normal. Fuck if I miss one day, I crash so hard the same night I can't even think about fighting the anxiety/depression off."
1,mild,Probably take some puffs from my friend depending on how depressed I feel
1,mild,"Im freakin tired. I need to replace for a freakin month tau. U only need to replace me for a day. A freakin day only! This thing just exhausts me, like why u do this? I takde pun atas urusan kerja, kena pergi taklimat bukan saja2 nak bercuti ke apa. Y lah this people. Just why 😩"
1,mild,So freaking exhausted today and my baby just dont stop breastfeed me the entire day im hungry i can eat whole whale
1,mild,i used to have a pretty good 5k pace but i haven’t run since i got covid last september bc it gave me asthma and i was really depressed so
1,mild,"How nice to fall off the face of the earth for a day. Seasonal depression is going to be rough this year, considering I still have this other constant depression.  I've also pulled my right shoulder blade AGAIN and I'm in fucking agony. How does this keep happening."
1,mild,"😭😭😭 I'm so depressed, I need major hugs from people."
1,mild,"When my stomach hurts, anything goes.  Is it something I ate? Is it my medication? Did I not sleep right? Am I too stressed?  Is it cramps? Is it constipation? Is it my depression? Is it because I’m hungry? My head hurts now"
1,mild,"I fucking wish, depression got me the opposite and I hate myself for it"
1,mild,Pretending ok when you not ok so fuckin makes me depressed
1,mild,iim so depressed   ii cant stop thinkin bt da past
1,mild,Depression for me is very little feels good and I'm not sure how much I'm supposed to sleep.  Anxiety is maybe when I should listen to the 18 voice-mail but I think I will hear something that will make me have to do something hard or hate myself for fucking up.
1,mild,Fuck I'm tired of games. Emotional blackmail and manipulation. I'm too old and too impatient for that shit.   I'm also exhausted so probably not making sense. 🤬
1,mild,"It’s really hard to see the positive in your actions when you’re a sufferer of depression or anxiety etc. but for me at least there are moments in which you will see your growth, and the beauty that came from your sorrow or suffering, and those moments are really important"
1,mild,I've done that a few times in the last couple of weeks when friends have asked me why I'm so miserable about the UK. They're mostly oblivious to it and just spelling it out made me feel even more depressed about it all.
1,mild,I'm so drained I swear the only thing that keep me going is my daughter 💯
1,mild,the worst part about depression is u can literally be laughing with ur friends &amp; ur first thought will be “fuck what will i do when this momentary happiness fades” &amp; u can have ur ok days but at the back of ur mind theres always this feeling that makes ur heart sink god i hate it
1,mild,I already carry such heavy guilt as self-loathing in terms of accountability… Adele truly wants me in the trenches of seasonal depression this winter.
1,mild,"when i see people of my age or younger achieving big things i feel so jealous and again so ashamed to feel that way, the hardest thing with depression is watching the world go by without me im in this state since i have 19, it’s a huge part of my life and it’s just suffering"
1,mild,Why am I feeling so depressed over the fact that I'm ill and I no longer have a mummy to look after me
1,mild,"what are you tryin' to fix me for? maybe I'm broken, but I'm not sure. Am I depressed or am I just bored? Apathy and irony, postmodern anxiety"
1,mild,"I get tired of always baby sitting peoples emotions, well being and paths."
1,mild,my gross depression took over for too long and i had to go through all my dead plants and throw them away….. now i feel worse LOL
1,mild,So my ~*seasonal depression*~ is hitting me really hard this week and I know what I need to do in order to alleviate some of the stress and anxiety. It just means less of an income. I hate being an adult so bad
1,mild,I hate my mood swings &amp; random depression waves but i love them @ the same time
1,mild,I’m depressed it’s partly because I feel so and when I really not.
1,mild,i'm feeling so down. i'm so drained. can you give me a song that i can listen to rn?
1,mild,I’m so mentally and emotionally exhausted. I don’t wanna move anymore. I’m so tired.
1,mild,My period hits and my brain goes “oh goody time to be in an awful numb/irritable/depressed/hopeless/self-loathing/self-doubting mood :)”
1,mild,"anyway, i hope i didn't ruined ur day (or night depends on where some of u lives). i don't want any of u to get depressed or angry like me, i made those tweets just to express my anger and give it a go."
1,mild,I am so exhausted like genuinely tired emotionally and physically ugh 😣 I know it’ll pass but I hate it
1,mild,Honestly Hate my life getting yelled at my mom for the past 5 days telling me she gunna bring to counciling because i want to make gaming a career man telling me i have no life when i can only play on weekends just makes me depressed
1,mild,"I hate when peoples dating profiles say ~good vibes only~. Well damn y’all really don’t be wanting me. I’m strictly bad vibes. Bad vibes, wine, depression, cookies, black lipstick, self isolation and Willow Smith to be exact. 😎"
1,mild,I have two weeks to think about everything I could have said differently.  I've been so beaten down in interviews in the past and had to fight for my life in the follow-up. I'm scared y'all.
1,mild,I am so depressed today. I need to think about why and whose reason!  https://t.co/QcETqVT4fY
1,mild,Hate when I wake up all depressed &amp; shit 🙄
1,mild,I seriously get so depressed and frustrated some days I hope there's no bullshit at work because I just know I'm gonna get mad and do or say something stupid and sometimes I do and it fucks me over
1,mild,These days I’ve been so depressed and anxious that I'm not enjoying the activities and things I usually like to do
1,mild,like i have to keep pushing but I'm so incredibly fucking exhausted
1,mild,Geez so i’ll be working for 6 days this week 😩 i’ll be very tired but then i realize it’s better than doing nothing. I’m depressed rn and oh well this is better than to lock myself at home and overthink things 😌 lol
1,mild,i live my life like this n im still depressed so idk man
1,mild,Loll you don’t even wanna read her apology and what the other person said about this whole situation just because it was ‘too long’ but pop off ig I’m tired of this
1,mild,it feels like the universe keeps cutting me slack academically to make up for the constant psychological warfare it’s been waging on me but i’m so drained already im letting it go to waste
1,mild,"On a scale of one to ten, today was like a -100. I'm so drained."
1,mild,i regularly forget words and sentence structure. every time i type something i wonder if it even makes sense cause i sure as hell don't know. my doctor gave me an inhaler that doesn't do anything so i /still/ can't breathe and i'm still depressed even on lots of meds
1,mild,I feel depressed and need some time with myself so I can go on with a life you don't want me anymore.
1,mild,"I would go one further, failing to raise the debt limit would cause a depression, and the damage would be permanent."
1,mild,"They are all the same.  I've blocked so many of them, I'm exhausted."
1,mild,I was so excited about starting dance again tonight but I got really depressed out of no where so now I want to just bail but I'm forcing myself to go but I also don't know if I'm ever going to be happy again
1,mild,"I got trauma, I want to be able to do literally anything with my life. I’m in a constant cycle of barely getting by. I’d take the depression chip just saying 🤷"
1,mild,"Yess, also I don't know why I m soo tired,I have never been this tired ever. Maybe it's post covid symptoms or something"
1,mild,i do not care about my reputation my whole shit was built on being funny and im tired of being clowned on
1,mild,Having all my energy being drained so hard I live in my bed.  Not being able to progress on HRT for years.  Surgery on my brain meaning my retention skills are slightly better than Dory. When the trauma hits out of nowhere and makes me a wreck.
1,mild,"i want to go away... im the only one left in my parents house to take care of them.. and they, specifically my father, are dumping all their issues on me.. i'm so tired. i want to disappear.."
1,mild,I haven’t spoken to my friends since they left. I’m depressed and dealing with this by overeating and isolating myself
1,mild,sometimes i think im emotionally &amp; mentally unstable other times im depressed then i remember fuck the world im that nigga!! 🕺🏾
1,mild,I’m tired of feeling this way. Just fucking go away already
1,mild,I’ve missed out on so many things in my early 20s because I’ve been depressed or anxious… that shit’s wack
1,mild,I’m so emotionally exhausted lately. I can’t keep taking hit after hit and pretending I’m not hurt to save everyone else. I really just don’t let myself be mad at anyone because they “can’t help it”. I have needs and i’m constantly letting them be neglected by everyone.
1,mild,"I got so depressed, I sold my 2 xpunk for 40xrp. I wish I could turn back time. anyway goodluck with your project. will continue to support your project"
1,mild,"I hate that I need to be working or something to be happy because my depression gets to me, but i always work too much and get over exhausted."
1,mild,"But of course it’s already hard to not feel like a burden when depressed so I get it, I don’t have many depressive moments but I always try to be understanding still and mindful."
1,mild,I am so exhausted. From the bottom of my heart man I am so tired.
1,mild,"It comes in waves, I've dealt with it before were I get so severly depressed that I just can't enjoy anything at all. I'm not gonna pretend that I know what you're going through right now, But I wish I could help you in some way."
1,mild,"I'm feeling exactly the same. I'm struggling to keep on top of everything and I'm so exhausted! I've got barely any (if any) experience of all the admin, data, marking stuff. Let alone things like duties etc."
1,mild,"I’m so exhausted and there’s no end in sight, I have no supports on the rez, my mom lives so far from me and she is my only help"
1,mild,I feel so drained &amp; idk why…but I’m buying new multivitamins &amp; probiotics 🤷🏽‍♀️ &amp; somebody told me ginger root
1,mild,"I had to leave and move far away in Africa . I relocated to the UK in 2003 ,this year in January I left I could not take . I was so depressed ."
1,mild,Caffeine makes me feels so hyper yet so depressed like I want to cry
1,mild,if they don't accept tht i didn't get enough study points last year bcs of depression n being overworked i'll have to pay 1600€ back for study support n imma hv to take it out of my 2000€ study loan n i'll have to work more again i hate being an adult i hate it i hate it
1,mild,"Turns out…coffee doesnt actually cure my depression fatigue and I’m gonna be honest, I’m a little disappointed"
1,mild,"I am getting so exhausted and heart sick from having to provide grief counseling to these poor kids who are losing parents, grandparents, aunts, uncles, etc to a virus that has a vaccine.    you stupid selfish assholes."
1,mild,"I'm experiencing a lot of anxiety, which has worsened certain symptoms/behaviours of (suspected) ADHD. Still waiting for the specialist to look at the assessment my psych did. But I am S T R U G G L I N G. I can't focus or concentrate. I can't stop moving/fidgeting."
1,mild,"We must truly care &amp; truly solve issues.  Nothing in America is solved, we struggle w/ the same issues as yesteryear. Another reason I'm so depressed. It's not me - it's you ppl in the 🌎, if you accepted reality &amp; stood to change it - we could lift away the negitive veil."
1,mild,When my depression was at it's highest. I bawled for an hour after Brooks suicide in Shawshank.
1,mild,Bruh I’m so depressed right now. I’m so ashamed of us. I am literally tired
1,mild,"If I was failing I’m sure there would’ve been help for me. But I wasn’t. I was good at taking tests, so no one was concerned. They were just annoyed. They’d yell, threaten, penalize. Tell me to do better when I didn’t know how. I was depressed and anxious by junior high."
1,mild,i hate being depressed &amp; having to force positive emotions or a positive look. even on here but i don’t want u guys to think i don’t like u cuz i do like y’all i just…sometimes i just feel 😐😐😐
1,mild,"waiting to find out if i got the job really sucks, cause i keep putting myself through the rejection of it, which my adhd amplifies each time.  my depression was completely controlled until yesterday.  i've lost all of that control for the moment.  fucking sucks."
1,mild,so exhausted of my body hurting so much
1,mild,Haha ppl really be out here saying “I’ll be here for you no matter what!” Without knowing I got trauma and depression for days 😮‍💨.
1,mild,"im so exhausted from being the “strong” one in my family, i carry so much weight just so my family can have peace of mind when i’m really barely holding on from the things they are unaware of."
1,mild,I understand. My dad died 32 years ago and I still get depressed in the early Spring around that anniversary. It's gotten better over time but it never really goes away. It's so recent for you. Be gentle with yourself. ❤️ I've never been but I bet Fall in beautiful in NM!
1,mild,"I’ve been feeling depressed from this morning and don’t really have an appetite... But if it’s something with chocolate in it, I think I might be able to eat it because it’s my favorite."
1,mild,"I know you will.  I use it for anxiety and depression and I hate weedy edibles, so I definitely know that struggle"
1,mild,"But it was you, so I was widdit"
1,mild,Where do we write to? How do we organise to stop this?  I'm so exhausted from the witch hunts and pillory of decent people. When we could be tackling real issues in the world!
1,mild,I just want to smoke and sleep all day i am so depressed and anxious lmao
1,mild,"Same here. 8 years married and found out some shit I don’t know if I can cope with. Have had some of the most intense and emotional arguments we’ve EVER had these last two weeks. My heart, my mind, my soul are all TIRED."
1,mild,"so when am i gonna find the time to do these papers. professors want me to read chapters, do a discussion post, watch videos, read extra required readings and then what. i’m fucking exhausted. i work all damn day 😭😭"
1,mild,"What are you trying to fix me for? Maybe I'm broken but I'm not sure Am I depressed or am I just bored? Apathy and irony, postmodern anxiety"
1,mild,"i'm kind of exhausted, there's so much i have to do and so little time so i'm always feeling a bit anxious;  but i know  things will be okay! i'm doing okay! i'll just work a bit harder."
1,mild,So much stress that I barely sleep at night. Exhausted throughout the day. I’m so tired right now I could literally pass out.
1,mild,so waking up from a dream depressed made me realize i might be hurting 😂
1,mild,At least with the double doink I had someone to hate. This coming  sweep is just emptiness and depression.
1,mild,I’m so sorry!! I totally understand how you feel bc I’ve been feeling sooo off &amp; so depressed since then. I literally didn’t remember half the things brought up bc I buried it so deep so it’s just been weighing heavy on my mind.
1,mild,"I don't know if this has to with my depression, but when the  lose...Im in a funk on Monday. I just want to be home and Binge shows and curl up in a blanket. I hate that it effects me so much."
1,mild,"them : i like you me ; eh?? them : you're so pure, cute, and sweet, shine bright and always bring positive vibes  my wild and depressed side ; ow sheet, here we go again ...  -rl"
1,mild,ugh why do i feel so tired when i literally haven’t been doing anything
1,mild,Maybe one day if I don’t want you too tired and I’m tired and I don’t feel good enough to feel bad…
1,mild,fuck when did I get so depressed    çŞaşmaz
1,mild,I actually didn’t! But I think I still need to. It just feels like deep depression and I hate it. 🙈
1,mild,"but hey i hope everyone likes to know that my grandpa and dad are dead, my mom is severely depressed and my grandma too :)"
1,mild,"Yoongi, sorry I'm coming here again... But I'm just so tired, so exhausted.. idk if it's right, am I on the wrong way.. I just feel so hopeless.. pls tell me it'll be okay 😢 I can do it right?"
1,mild,I’m extra exhausted these last few days. I need a break but I’m so grateful for being busy after a very quiet winter. Alhamdulillah. I know I need to listen to my body but…how do I find the balance?
1,mild,"not me trying to finish my readings w tears pooling in my eyes &gt;&lt;   i'm so fucking exhausted, so drained, so demotivated"
1,mild,i’m so depressed to the point i wanna go and spend a few days in NYC next week but i can’t 😭
1,mild,bruh i was just vibing but depression has hit me like a TRUCK and now i am rendered immobile
1,mild,I be so busy! I feel like I never get to sleep! My body is drained though
1,mild,Im so fucking tired and drained and the built up trauma just lights a fire under my ass
1,mild,I get so sad at night when I’m alone with my thoughts:/ I really feel lonely asf. That’s what I hate about being bipolar. I have these uncontrollable mood swings that make me feel so depressed and then a couple days later I’m fine. So I feel like because of that nobody takes me
1,mild,"Suffering has been a part of my life for a long time. There has been periods where everything is perfect, but it usually doesn't stay that way. I've had a hard life full of trauma, but I can't handle it anymore"
1,mild,"   ""I'm so depressed. They're now just using me for cheap laughs and TikTok views"""
1,mild,Fml 🤦🏼‍♀️ I hate thinking of that shit! Makes me super depressed.
1,mild,"I've only been with the Herotober for 4 days and I'm already exhausted hahaha 😅 by the way, thankyou so much for all the love you're giving to my little herotober drawings 😭💚🧡"
1,mild,"Kat and I were discussing this last night. My pain and diagnosis of depression etc. has changed me. I didn’t see suffering before like I do now. It looked like weakness to me. But, having suffered, I can see that it requires a strength that at times I don’t have. And now, I see."
1,mild,I really don’t be in the mood to go out anymore I just be tired that’s it that’s all lol
1,mild,"No, he's got it about right. I'm 65, and never, even in the dark days of Thatcher, have I felt so depressed and pessimistic about the country I love (sobs)  https://t.co/ZeAloLjJDs"
1,mild,"my mom: girl go do your homework, i barely even see you study. you dont seemed stressed too. so dont be lazy  me who have private councelling session w my teacher bcus depressed,  ""yea okay mom sorry ill study now"""
1,mild,"I am going to shine! I went out a sunrise alarm. I never feel rushed, so I am exhausted before I should find time to improve"
1,mild,I’m so exhausted I think I’m going to call out of work for tomorrow
1,mild,"I just wanna hug you! 💚 I've been suffering from depression for a looong time, but today was my very first time at a psychologist. It was a very big step for me, so for you - whom I love soo much - to talk about your depression tonight hit me hard 😭💚"
1,mild,"My life would be so much easier if I was actually attracted to white men. Cuz there are hella beating down my door, and its just making me depressed. FML."
1,mild,I’ve been so depressed that cooking isn’t something I love to do anymore and I just got a job at a fine dining restaurant as a cook and idk what im ganna do 🙃
1,mild,Yeah Cymbalta has helped with my depression and anxiety some. I was having panic attacks and crying fits like 3x a week and now it’s maybe once every other week. But it makes me fatigued as hell.
1,mild,maybe i should start drinking coffee bc im literally always tired
1,mild,"I know exactly what you mean. I don’t want to go too much into it in public, but my old life has come back to haunt me and I don’t know what to feel. I am so low and depressed at this moment in time 😥"
1,mild,Well.. I’ve landed in Orlando for the week. Pray for me. I need that Screamin’ A. Smith video  posted because it is hard to put into words how disgusted and depressed I am!
1,mild,I’m going back into a depressed mind state and i hate it.
1,mild,I barely did anything and I’m tired as hell is this old age LOL
1,mild,I'm feeling so depressed right now. I can't - wrrrr
1,mild,"My sincere apologies, but I would have to disagree and say the Plaxico Burress catch against my Patriots that ruined 19-0. I think I almost passed out &amp; was depressed for a month, and did not turn in ESPN for quite some time. I kept looking for a flag.."
1,mild,I hate that I have to fix this post groove depression with more groove 🙃
1,mild,"This would not work for me.. I'd be effectively immobile every single day ruminating on why I HAVE TO participate in this thing life, depressed af"
1,mild,After playing fortnite with my friends I've came to realize I am depressed and unhappy fortnite after one match has ruined me mentally and physically I will never be the same.
1,mild,being gay and depressed ?? i hate it
1,mild,Why are you lieing? I never said or implied that lol. I'm just tired and honestly just don't wanna play smash for awhile cause of some other reasons. Your a great friend. I'm just really depressed rn so sorry if I'm coming off as rude
1,mild,"I’m so exhausted living with such a toxic ass parent! Like I cannot. The verbal &amp; mental abuse is just too fucking much, and to lack the respect to say the shit she does in front of my child is truly unacceptable."
1,mild,Me too poor girl is drained and it's hard to take off time . I feel so bad . My heart broke when she was like I don't care about anything. 💔
1,mild,They want me to have good grades but I don't understand shit in class and my Malay sucks and I am so fucking depressed and anxious
1,mild,AND I need to make decisions for me and for what I need/want. I always consider others more than myself. I honestly think that’s why I’m so drained 😢
1,mild,Can barely feel my legs but at the same time in excruciating pain 🥲
1,mild,I KNOWWWWWWWWWWW I hate it. :) hate it so much I bought it :)) the depression is especially dank in physical form :))))
1,mild,I'm at such a hard slew of emotions because that's both Depression and agony.
1,mild,"I absolutely hate change...especially when I'm comfortable and content, but I know moving back home will be good for me, and I just have to push through the emotions, depression and sobbing 🥺"
1,mild,"Hey gamers, I've been feeling mentally and physically drained, just from shit happening on twitter, my home life, and also at school, so I think-keyword THINK-I might go on a hiatus, I really don't know, it just kinda depends, but yeah that's it."
1,mild,I'm so exhausted I'm just laying on my bed thinking about them
1,mild,I’m genuinely sorry you had to go through that. Any extreme change in my sleep pattern like this just sends me spiraling for some goddamn reason and I get even more depressed than I usually am and it snowballs and I just fucking hate it.
1,mild,i am so fucking exhausted and i have no motivation to keep pushing myself till i get sick. bc that requires energy and theres not a lot of that to go around right now
1,mild,"I promise cause the whole year I was so depressed &amp; I never wanna go back ever again, and it’s like He made me realize just like that he can make it all better 😩just keep doing what you gotta do &amp; he’ll do the rest."
1,mild,I am so exhausted today. Could sleep forever 😴
1,mild,Noone knows how to reassure me and it breaks my heart and depressed af i deadass b so hurt i cant be helped
1,mild,No amount of hurt is going to send me a female lol like NONE and I was down out depressed with a broken heart last year
1,mild,"So my crush is at some random house, probs the guy she met at the bar 3 months ago. And im depressed, lonely and listening to music to stop my brain from kicking me while im down"
1,mild,Its been over a year since I've ever been this frustrated
1,mild,"i dont know weither im a reki or langa kinnie bc im gay, quiet, yet talkitive but then also depressed so where am i"
1,mild,im so depressed bc i feel like i constantly disappoint my bf bc we barely do stuff together bc my stomsch hurting but if eel like it comes off like i use it as an excuse to not do anything eben thats not true. my stomach just hurts constsntly
1,mild,i was thinking tangible misery... evidence that my depression actually exists so i can feel slightly less crazy
1,mild,"I'm so tired of being depressed &amp; ugly, life is kicking my ass 😓"
1,mild,"damn, maybe I'm overly exhausted...  I mean I've been in an awful place mentally so that has probably made me beyond tired and explain these weird feelings."
1,mild,"It's really bad by your flipkart team. Now I'm facing loss of 10,000 due to your bad service really disappointed 😥, I'm regular customer of flipkart. Your technician make me fool. Your service make me fool.  Now, really bad  I suffering for depression due to you"
1,mild,"Depression kicking my ass and been doing so much if not double the work on my own lately, idk how I haven’t lost it yet. Proud of myself 💗"
1,mild,I’ve been exhausted lately. Running myself crazy. I was telling my husband I just don’t want to do anything.   He said : you think you gotta be doing something. You gotta be working on the next big thing. It’s okay to take a day off.   It’s so hard for me to do that.
1,mild,"It could be today for all I know. Zero idea anymore. I'm frustrated and anxious, and have bothered Bisek about it mostly. But he is just learning what computers can really do, so what's it worth even including him? (9)"
1,mild,"They were the one who i thought would be at my back thru up and down were the one who dragging me down.. i was mentally and physically depressed. I stand by my own foot, move on and choose to prioritize what makes me happy ❤️   I dont hate. I revamped my priority 😎"
1,mild,"Most of my stress, anxiety and general malaise can be traced back to a traumatic event on October 19, 2015.  Unfortunately, the perpetrator of the trauma holds a position of authority and continues to abuse me.  What should I do?"
1,mild,this is useless. it makes me feel so drained. i just wanna tell them that this was never bound to happen and you are just too sensitive and toxic ://
1,mild,Honestly when i calmed down from the reveal i thought ab him and got so depressed
1,mild,hahahahaha i’ve been putting off a big assignment for a week and finished it to find out it’s easy ass fuck and i could’ve gotten a 100% if my ass wasn’t so depressed ahahahahahahdmfmfmdmdm
1,mild,"so like maybe this stuff would be easier for me if i wasn’t super depressed, but also maybe it would be easier if my adhd meds actually worked"
1,mild,"I hate that I feel so disoriented, guilty &amp; anxious from missing one day out of a project I’m handling. It’s normal to be sick, rest or be exhausted 🥺🥴Nd I cant drill this in my head or be comfortable with it ."
1,mild,"I've been kind of withdrawn for a long time, kind of low on social energy, kind of feeling drained so much easier, hitting my limits so much faster. i dunno. i dunno how to explain it all. i want to be around my friends but i know i need to just be by myself and process i guess"
1,mild,this whole situation just have me so depressed .
1,mild,"Like, I’ve never been so exhausted with myself in my life. God is always &amp; have always been there and I CHOOSE to get in my own way. I have completely surrendered this time."
1,mild,realized my friends dont think im a good for nothing loser just bc ive been depressed and still see me as an artist and that my life is valuable and that whether or not i make anything again im still talented and relevant to them
1,mild,been feeling so drained lately I hate it 😔
1,mild,"I need so much, I was run for it and exhausted"
1,mild,"As the holidays approach, I think a lot about my dad. It can send me into a depression. I've lived half my life without him. I think the only way to combat the anguish is to keep sharing my story and focusing on the love he gave me. That love still guides and nourishes me."
1,mild,I'm going through a severe case of university burnout. I am exhausted from everything and my anxiety is getting worse. Even though I'm on my senior year I feel it's never going to end. I live and breath assignments and thesis work. I think I need a break but I'm so worried.
1,mild,"I'm so drained :( Good heavens pls don't let my compassion dry out plsss, I need to continue 2 sems pa ;(( gagi, i'm so scared that the small fire igniting me might be penetrated by tiredness again :&lt; I can't lose this again pls :&lt;"
1,mild,i’m so tired of trying to be someone i’m not for someone else to be happy it’s so tiring.
1,mild,I'm tired of always being in panic mode
1,mild,I’m DEPRESSED af!! I ruined one of my fav painting man 😩🥺😢
1,mild,i feel so drained and weak wtf 💀
1,mild,Is this worth reading? I'm so depressed about the state of the modern world I don't know that I feel like spending time reading about more possible ways it could suck.
1,mild,i’m so mentally exhausted and burnt out from stress….I really have to do this shit for 40 more years??
1,mild,Now i thought i was depressed bc hate that might be mine … MF SAD KIDS ??? HELLO ARE U FINE
1,mild,ugh that ***** edit depressed me. i hate when she ******* and we don’t **** every day!  especially now that she is in a totally different **** **** that makes it much harder!   **** **** **** *****
1,mild,this week went by so fast but somehow i feel more exhausted than usual
1,mild,I  hate everyone here. I'm going to hurt someone .
1,mild,When I’m in a depression era I tend to compare myself with my happier self which hurts alot
1,mild,i need to start romanticizing life again so i stop being depressed bro
1,mild,"This is very important for people like me I been suffering Anxiety, depression and insomnia and I would like to say speak out and talk to anyone about anything 👍"
1,mild,"// vent  why is this one person from my family suddenly ""worried"" about me, they literally told me and my mom that Im faking depression only so I wouldnt have to move out 😭😭"
1,mild,I really hate that I get these random waves of depression. Cus when ppl ask me what’s wrong I genuinely can’t explain. I just don’t want to be bothered.
1,mild,a yet nothing hurts worse than her telling me that something is wrong with me because i’m depressed.
1,mild,"sometimes i wake up and i feel so out of place. almost as if part of me is still somewhere else. i take pictures of things that remind me of something, and even if nothing strange happens, i feel restless."
1,mild,"it sucks knowing that if i told my boyfriend i'm deeply hurt or depressed, he'll just start attacking me... wonderful response to finding out how your partner feels..."
1,mild,"My life has me so drained atm I don’t have time for people, that don’t put in an effort as much as I do, whether it’s a friendship or relationship."
1,mild,my depressed gay ass can't do artwork rn come back later bestie
1,mild,i love my life and everyone in it but i’m still always so depressed. :’) i hate myself for that
1,mild,I may be depressed and a failure but at least I'm skinny 🥳    https://t.co/feCR8sNZQa
1,mild,I’m disgusted by the way hackney Citizenz advise Beauro have been dealing with me over the past 4 years ! I suffer frim various invincible and visible disabilities including DEPRESSION due to my physical health deteriorating over the past 4 years !It is unfair unjust
1,mild,I lost a friend on Tuesday to suicide. Mahn sadness bring depression
1,mild,I am so mentally exhausted that the idea of just staring into space for a while sounds really appealing.
1,mild,I'm so mentally exhausted and I need a small break from twitter. I'll be back in probably a weeks time. I'll still be active in DMs tho. Take care &lt;3
1,mild,"like, usually, at home, i'm so tired throughout the day and i end up so exhausted by the evening that i can barely stay awake after 9 no matter how much i slept. when i'm away, it's like i can just keep going. it's a bit wild"
1,mild,I be chilling minding my business and my anxiety just busts in outta nowhere like  https://t.co/l65AW8Oq7y
1,mild,i’m so fkn frustrated like PLEASE stop going to parties i’m BEGGING you. i just want to see my friends again and i CANT while people are ignoring the reality that the VACCINE LOSES EFFICACY.  https://t.co/akdIDO5Rde
1,mild,I've spent the last 2 weeks feeling broken. I was suffering from so much anxiety and constant panic attacks. The new meds are working better everyday but I'm still unable to be alone.
1,mild,"It’s true.  No wonder I’m very much anxious/worried/depressed a lot of the time just about this.  Not to mention the pandemic, not seeing my friends for so long, and so on, and so on…  It’s fucking bleak."
1,mild,"What all that bullshit did? Made me so fucking angry, lonely feeling and depressed and I know we’re different situations but I read my own words when I read what you wrote I’ve been doing that too but FUCK whoever is making you feel this way. Seriously I know you’re way better"
1,mild,i hate how one day mentally i'm fine then the next my depression is just kicking my butt repeatedly. i just wanna feel stable and normal for once.
1,mild,i hate how my depression kills my happiness like mf let me be happy damn
1,mild,"😆😂🤣 Thanks brother, I needed that. I miss laughing. I’m so tense, depressed &amp; angry lately (mostly due to ex-friends &amp; brainwashed family members).🙄 I’m glad we have a good community of freedom fighters here who can share info or be supportive. 🙂👍🤝"
1,mild,"Nope, not that I'm scared. Grew up watching horror movies with my parents or friends. So now that everyone is gone from my life, I just don't find watching them as fun by myself.  https://t.co/vwNP79JuVy"
1,mild,"Oh wow, I have most of those (insomnia, fatigue, overeating, slow moving, concentration) because of pain/arthritis. It's amazing how sticking myself with Cimzia makes that so much better, and not doing so keeps me depressed. &lt;/sarcasm&gt;"
1,mild,i enrolled in classes beginning of the month and haven’t done any work bc I’ve just been so mentally drained and physically tired and I have to find the motivation within myself to open my laptop and log on to class bc no one is going to say to me “log on to your classes”
1,mild,I’ve been so mentally drained lately and honestly I don’t even know why but I’m just so tired all the time n I don’t wanna do anything. Making sw really hard because I’m just not I’m the mood fuck myself
1,mild,"Don't know if I'm worried about it yet, but definitely frustrated that the improvement hasn't continued"
1,mild,I get so nervous  about what may come in the future to the point that it made me restless at night...
1,mild,"I hate the fact that my friends is turning into types of people that i FUCKIN hate. 1 is dating someone's fiancee,1 is going to marry her ex boyfriend that cause her to get depression. If anything happens dont bitch to me. I don't wanna hear anything"
1,mild,No baby cuz UNTIL IT'S 3:00 AM N MY MIND BE SO FUCKED UP WITH MY OVERTHINKING &amp; ANXIETY FOR ABSOLUTELY NO REASON 😭😭😭😭😭😭😭😭😭😂💔 I'm exhausted 🙂
1,mild,PLS!!! 😩 I'm so drained I'm Iosing patience!!!
1,mild,"Help, I forgot to take my meds, and now predictably I'm restless and depressed."
1,mild,Less depressed than last fall so you know I just spent all my money on spooky decor 😈😈😈😈😈😈😈😈
1,mild,"I took a little break from all social medias, cuz I was feeling disappointed about my self and lead to depression and it’s was exams week and still I have exams but I feel more better than before and Im back better than ever!"
1,mild,Tired of being so exhausted all the time that I never get to recover
1,mild,i possibly broke my ankle this morning im in an excruciating amount of pain and forced myself to work all day so ill be going to the er tomorrow  ill reply to dms later
1,mild,I never been so mentally drained in my life man
1,mild,i’ve been so depressed and i can’t stop shopping my problems away
1,mild,I was kidding I’m not finished yet I’m sorry I’m so depressed
1,mild,//TW: mentions of suicide and depression - - - //it’s not that I want to die I literally just want to go somewhere where I don’t have to think for like 5 seconds I hate my life sm and just myself idk
1,mild,"It’s 3 am and I’m debating if I email in sick to work because I cannot fucking sleep, brain will not turn off   but it’s impossible to get a substitute rn and the amount of work to get classes covered is so much work it’s often worse than just going in absolutely exhausted"
1,mild,"ive been really depressed and mopey today and i didnt even want to go out shopping with my mom (shopping is my favorite thing ever so this is very significant, even my mom knows. she was trying to push me to go out) and so ive been in bed all day crying off and on and going-"
1,mild,That was me yesterday I was so depressed 😥
1,mild,i cannot put up with this shit anymore im so drained
1,mild,It's crazy how the tiniest things can trigger extreme emotions 😭. I hate depression. I hate anxiety. I hate being fragile like this!!!!!
1,mild,Two more days of school before the weekend. It's morning and...im so exhausted. I literally don't even want to get out of bed. I know I won't be done with school until 3PM. And I know I won't be home until 5 something PM. Why are they doing this? I know I won't learn anything...
1,mild,Sweet little baby!! We don’t deserve animals at all 😩😭 we are literally destroying the place! It makes me so depressed to know the terrible impact on the environment we have as a whole!
1,mild,"One thing I particularly hate about depression is that feeling of ‘knowing’ that you CAN [insert otherwise really basic life thing, like get up and shower], and ending up annoyed at yourself for just not ‘trying hard enough’ even though you simultaneously know that’s silly"
1,mild,i feel so drained and unmotivated im gonna kmsmsmms
1,mild,"No one likes being stuck in depression. And for someone who claimed to want to understand, just like my ex, they ha e a shitty way of showing it. I think I just need to live alone. My roommate is making me feel so isolated and I hate it... Makes depression worse"
1,mild,"Tell me beautiful  How dawn is born on the bleeding wounds,,  How to erase a beautiful hand  Storms roar and pollen hail,  Tell me beautiful  About the paralyzed warmth,  In the corners of the heart winter scattered,  Tell me beautiful  How do I change my anxiety, depression?"
1,mild,I'm incredibly tired and depressed and broke  Trauma catching up to my brain again
1,mild,I’m tired of wanting more. I think I’m finally worn.
1,mild,"The teenage receptionist has come into work this morning full of life after a night out..   I’ve not been out, I’m just old and depressed and my back hurts"
1,mild,i cannot describe this feeling. i am so emotionally and physically drained. and for some reason all i want on gods green earth is to be inside a london tesco rn
1,mild,I get off of apex after playing with my friend come on Twitter  Instantly depressed.   I hate it here.  Or I'm depressed because I realized that all those laughs she was giving me were fake ... I don't think they were fake   But I'm still not funny.
1,mild,I’m so grateful for my job but hoooooolyyyyy shit I am so mentally drained.
1,mild,"Too sad to sleep, this is one of the things I hate most about my depression.  https://t.co/qe57oqU7tW"
2,moderate,"The ugly truth about mental health:   I’m so depressed right now. I’ve bathed, but I haven’t washed my hair in over a week. I only have clean clothes bc I need them for work. My room is a wreck. I barely eat. My car is a wreck. Taking care of myself seems so impossible right now."
2,moderate,"ppl: i feel u a bit mentally unstable  me: is it???  also me: anxiety, stress, fear of abandonment &amp; rejection, grief, trauma, depressed, overthink, overwhelming emotions"
2,moderate,i’m so exhausted and idk what to do to make myself productive again. i don’t know how to keep up with school and taking care of myself anymore. i used to have my daily schedule but now most of the times  i ended up watching movies etc. and my room is a mess.
2,moderate,"But I was fucking depressed so I fucking didn't and then the next day he was dead. I don't know if I'll ever be able to get over that.  And like, yes, he could have reached out, but I told him I would be the one to make the plans. I can't help but feel like I left him hanging."
2,moderate,vernon changed his user theres nothing good in the world anymore love is dead the world is dying nothing but depression in my life
2,moderate,Well my plan's been being depressed as far I remember so...fuck universe
2,moderate,"Most days I can’t get out of bed because of the depression and anger I feel at the Morrison govt and the complicit media who have ruined the future for my children and grandchildren. My hope lies with you Tanya, and the rest of the ALP."
2,moderate,I don’t recall putting ‘spiraling into self destruction’ on the agenda today.   BUT HERE WE ARE.
2,moderate,at that time I was so depressed and didn't have anyone beside me.... every night crying then trying to call my friends who had free time   it felt like hell for me since I couldn't open up easily with what am I thinking/feeling
2,moderate,if have this game i play called “What’s Making Jasper Sad Today? is it: 1. regular depression 2. seasonal depression 3. mercury retrograde 4. the side effects of my acne medication 5. trauma 6. exhaustion  today i think its all of them🤍
2,moderate,Depression doesn't let you know when it will hurt. No it just does what it wants when it wants. if I didn't feel confined in my own mind at times like now. I wouldn't want it to end. My life just feels like hell. It feels like I'm being tortured each time I experience this. FML
2,moderate,I have obstructive sleep apnea. Have been suffering from really bad depression for 3 years. Not on CPAP yet but already the breathe right strips are making an unreal difference. I’m having dreams again and not waking up depressed
2,moderate,"I just don't want to bother people.  I'm at the point of being so exhausted and stressed, I just cry....I can only be so strong for so long"
2,moderate,"I regret having ever become a teacher. Losing this much (money, health, safety, well-being) because of poor leadership, who can come in and destroy everything at any time, is just not worth it. I'm so depressed."
2,moderate,literally full stage four of grief: depression. and i don’t think i will get out of it anytime soon
2,moderate,"Silence kills me.Makes things worse. I’m already exhausted... Already scared. I need an honest support,never asked for anything else.. it’s painful that people can be so mean to you for no reason..and than blame you for ignoring."
2,moderate,I just don't know what to do anymore about this shit. My anxiety and depression have been running my life all week and I'm just tired of it. 😥😢
2,moderate,"Feeling so very mentally drained, feeling used left and right, feeling comfortable around people only for them to decide to treat the convo nothing more than a fake conversation, treat ya like a weirdo, I’m a weirdo for reasons, I do the things I do for reasons."
2,moderate,"Day 63  I hate myself and what it makes me do and how it influence my actions, I hate myself and my flaws, I hate myself and my mood swings, my depression and my every shitty thing inside of me. I hated my sadness and I hated everything within me.  Fuck you and fuck you fuck fuck"
2,moderate,"Along with prescribing anti-depressants, that was literally what my Doctor told me to do every day when I first burned out &amp; became chronically depressed.  I think he meant well &amp; genuinely believed it might help, but after a while it just made the rumination worse so I stopped."
2,moderate,"Ok, I just need to say this. I really hate telling you all how depressed I am, but I literally have nobody to talk to about it. I am a very lonely person. Yes, I have friends, but non that next near me. So here we are."
2,moderate,"So sorry to hear that. Mom is a covert narc and dad was malignant with ADHD. Second exhusband is NPD and extremely abusive. I have BPD, c-PTSD, ADHD and severe anxiety due to childhood trauma. Doing loads of EMDR and therapy; slowly healing. 💕"
2,moderate,is a terrible affliction. Never have I experienced anything that can just utterly screw and skew my perspective so much. I become literally blind to good things and everything seems hopeless. It drains my willpower and my energy to the point where I'm entirely passive
2,moderate,"“You’re depressed because you’re fat” actually I was depressed long before I got anywhere near this weight and this shit from people is part of the reason I put off getting help for so long. Years. No medical or mental health care whatsoever.   But sure, it’s concern. 🙄🙄🙄😡😡"
2,moderate,I'm literally so exhausted mentally and physically that i'm not even sure if i'm alive right now.
2,moderate,"Lately I’ve been depressed more days than not, having constant raging anxiety, and I’m back to not sleeping. Just so ready for my psychiatrist appointment next week."
2,moderate,"Suffering from  isn't a good place to be in, as someone who sufferers from chronic depression &amp; severe anxiety i know how hard it is. I put a smile on my face but inside I'm crying, feel alone even though I have very supportive &amp; caring parents helping me everyday."
2,moderate,u know i'm like extra super depressed cuz i haven't had like any desire to even listen to music for the past .. . month?? driving around and working in dead silence
2,moderate,i dont want to be alone cause alone i cant live but im so &lt;//3 exhausted ahhhh im gonna try to breathe brb
2,moderate,"I suffer with depression and anxiety. Some days I look in the mirror and see a massive failure, others I am too ashamed to even look. I struggle with my own expectations and a need for perfectionism that I have to work on every day (1/2)"
2,moderate,"I have extreme mood swings between manic joy and depression, and yes I have trust issues and I do overthink everything in my life weather I want to or don’t want to. I hope one day that people understand how its hard it’s for me  to wake up and have a normal day,"
2,moderate,"I am also suffering from severe depression since August 2020, I also suffer from anxiety, and bipolar disorder, So don’t expect me to do anything about any other severe weather events. (2/2)"
2,moderate,my life is a continues to be a climb to summit of happiness I will never deserve this for I am trapped in never ending avalanches of life and myself holding me back from that which I want but never will hold. I am so exhausted from wearing this mask like I’m ok in the thick of it
2,moderate,actually so exhausted i need to sleep for 2 days
2,moderate,And I've just cycled through so many emotionally abusive/ people i just didn't vibe with in the last 3 years alone and I'm exhausted of people anymore
2,moderate,i broke up with my boo and my sneaky link so i’m depressed and won’t be talking for two weeks
2,moderate,than I realised at the time. It damaged my mental health &amp; set me on a course that led to anxiety &amp; depression so severe I couldn’t leave the house for  over 3 months except for medical appointments.  This was in 2018/19- I started medication &amp; therapy which continues weekly 2/
2,moderate,"All the panic, depression, the hurt and regret Lying to myself, ""I don't think of death"" All the ups, all the downs, all the petty concerns My whole world's imploding, I can't find the words 'Cause the truth is, I'm fucked up"
2,moderate,Woke up feeling like...-how go I put this-...you ever feel so depressed that it's almost silencing? Like you can't bring yourself to speak about it or bother to try and confront it? Basically it's the mental health equivalent to uttering Voldemort's name.
2,moderate,"I hate it, I really do. I'm made to feel like i'm lying, like i'm somehow guilty of something i'm not. It's like they don't believe you, they don't see you when you're housebound, when your depression is bad, the chest pains, or even in the past suicidal, they don't care."
2,moderate,"Crazy how even after three years of consistent therapy, mindfulness and putting daily work in on myself I can still feel so damn depressed with no light in sight wtf"
2,moderate,"Soap:  Butterfly Kaili B Fly Butterfly  My boyfriend insulted me so bad that I don't think there's any coming back from it...  Kyle  I’m depressed and my self-esteem is low right now. I could use hugs...  As sand through the hourglass, so are the days..."
2,moderate,i remember i was coming outta depression fr…i wasn’t happy but i wasn’t depressed &amp; ts was one of the most uncomfortable feelings ever so i just spoke myself back into depression 😭😐
2,moderate,Sometimes my depression hits too hard and my mom is wondering why I can't stop crying or leave my room.  How do I tell this woman that sometimes living hurts so much that I would die for some peace.
2,moderate,i’m so done with life i am tired i am exhausted
2,moderate,i am so tired and i a little tired of this but sometimes i a lot to me too tired of my feelings too much lol i a little too much but i’m just woke me down so tired of being depressed tired of it all
2,moderate,"taking care of myself, pre ed i didn't take good care of myself bc i was depressed so my grades went down, I never even thought abt tidying my room nd shit nd didn't maintain myself rlly physically"
2,moderate,"Usually I deal with my chronic depression but lately I find myself agitated, annoyed, sad and I don't want to talk to anyone unless it's text. I also talk negative of myself. I'm BACK on . Am I a failure for having to go back on medication?     https://t.co/6rO6nZTGP7"
2,moderate,I'm in the office. Went to the back office and been crying all morning. I'm such a mess.  I am seeking professional help. I will get past this depression.  But man it sucks. I hate feeling the way I do. I just want to be a functioning member of society.
2,moderate,"These kind of answers always made me feel like a piece of shit for feeling like crap during my depression bouts. If everyone has these problems, why was I the only one falling apart because of them?"
2,moderate,"After being drugged since the age of 10 with drugs that are known to cause memory loss, weight gain, suicide, and mass depression, I find out I'm not bipolar but I have   So me getting kidnapped, having Stockholm syndrome from the abuse, and being anally raped and burned"
2,moderate,"Dear mam I'm suffering from Depression + Fear + Anxiety, I have been fighting for the last 10 years, the responsibility of the family is on me, mother and father are elderly.  I have been taking medicine for 10 years also I have to eat till I am alive."
2,moderate,TW // depression  One thing I hate was that I got psychotic depression when I was a teenager and it was unpleasant because I hallucinate so frequently. What's worse that nobody even bothered to admit me to the hospital and everyone just ignored me.
2,moderate,You are not my father. You are my enslaver. You are nothing but the man who treated me like trash. I have scars from you. I have scars from where I have been so depressed that I hurt myself. My body is so ugly I never want anyone to see it due to you. So you are nothing to me.
2,moderate,"i don't really wanna dive further into things because really all i can think to sum it up with is just ""i'm depressed and adhd sucks"" lol. i'm OKAY for the most part but my brain is scattered beyond reason and it's impacting my ability to do much more than sit here or sleep"
2,moderate,I kinda wanna eat but everyone hates me ever again im a fuckign caged in between wishing myself dead for no reason but i
2,moderate,i need to stop forcing myself to be a party person. every time i go no matter how my day is i’m drained and become so anti social. it’s too much
2,moderate,I hear ya. I’ve mentioned when my son died when he was 4 months old I had a choice to make. I didn’t care about living or life  so I could have chose self destruction or heal and find a purpose in life. It’s not an easy task. I was broken for years. It took time.
2,moderate,Being made to feel like shit and a burden to everyone really is the worst thing ever. If you’re tired of me just tell me to leave don’t drag it out.
2,moderate,"sometimes Idk the words to say, wish I could just get up &amp; fly away to somewhere Imma feel safe, to somewhere Imma be okay. cuz daily it's a battle in my head &amp; lately I'd just rather stay in bed, cuz I got things I wish I never said &amp; I'm so tired of feeling all of this regret."
2,moderate,"Self destruction mode today. Hating everything and everyone around me, myself the most 😔 I don't want this life, I don't want to be here, having these thoughts and feelings. When will it all end?"
2,moderate,"So now I’m an adult, exhausted but sleep poorly, out of shape, indulgent, and my head is full of horrible shit I’ve seen in films, and addicted to my devices.  https://t.co/LshnkMysbN"
2,moderate,1- boring 2- lonely 3- depressed  4- i embarrass myself everyday 5- no one gives a shit 6- unhealthy 7- stressful 8- nowadays I am worried about my result
2,moderate,I'm here to ask for your support.   I'm tired of living You're my life support. Thank you for your smile and always good laughter. :(
2,moderate,I dont exist in anyones mind I’m fighting depression and it’s winning so far I’m ready to stop fighting and let it take over I’m finding it hard to accept life it’s not for me I try to win but I lose every time I hate myself I hate for who I am
2,moderate,"I feel like I’m trapped inside my body. I’m numb, nothing is stimulating me. I don’t want to be bothered with friendships. I’m so fucking exhausted by feeling like this every day."
2,moderate,"Anxiety and Depression has me at Full Package today eh?  ""Why does everyone avoid and hate me so much?"" Is what my brain is all about today it seems.. 😓"
2,moderate,"I cried last night, so I think I was depressed... I guess."
2,moderate,Why am I so depressed all of the time like no I don’t want to cry right now but I feel like I gotta 😭😭😭
2,moderate,Don’t take advantage of anyone because you realize they down or either depress my heart already hurt and then you wanna come try use me !!!!
2,moderate,"In a constant state of ""I wanna do things but I'm too tired to do things and then I feel bad about not doing things."" 🙃"
2,moderate,so much i realized that i have never had a friwnd for longer than like two years and that i have no reliable friends rn and that i’m definitely way more depressed than i thought
2,moderate,》dude imma go to the doc for my intense depression.. and they gonna find like 100 other things wrong with me. I neglect my body all the time. Like oh you have this and that messed up. Oh really no wonder I'm always in intense agony. Hmm.
2,moderate,"TW // talk of depression, pills / / / / / / / / took my first antidepressant this morning, now i feel so fucking sleepy but i can’t fall asleep. i hate this.  i mean i’m happy that i’m finally getting help but this shit sucks"
2,moderate,"I usually hate talking about my emotions ... but. For some unknown reason, I am majorly depressed. It sucks and I can't turn it off."
2,moderate,What a crock of shit. My depression is helped by my meds and without them I'd be dead many times over.
2,moderate,In so much pain I can't sleep.  It's making me depressed and I haven't been truly happy in a long time.  I feel isolated and alone and seriously feel like my life is a waste of time at this point. :/
2,moderate,It takes the income of 3 adults to see their needs met at the poverty line. They almost ruined my marriage. Derailed my future. Worsened my depression and anxiety. The world is worse off and shows no sign of improvement. Work culture will treat them like shit. Not worth it.
2,moderate,"I feel invisible here, Completely alone. A faceless person Nowhere to call home No name or colour No conversation My life is no fuller Just isolation My wings are tired So I'll rest a while Maybe when I wake I'll greet a smile          https://t.co/rDApPDf7WD"
2,moderate,"I am so exhausted that I truly cannot function, but too stressed out and overwhelmed to actually fall asleep, and also, I have a headache. Am I getting sick? Is this where my mental health is at? I don’t know, but I don’t like it. 🙃"
2,moderate,"""are you ok?"" No, i want to be gone.  I want to rest.  I keep disappointing my parents as well as myself.  I am tired.  Now tell me. Are you going to be ok if you're in my position?"
2,moderate,"mentally mostly, i have been an introvert for 17 years, been depressed for the past 5 and only started opening up last year and i'm still learning what to do and how. i have gone through the worst part of my life so far and am only starting to get out and i still fall back -"
2,moderate,HOMELESS HIGH SCHOOL DROPOUT ILLEGAL IMMIGRANT  LOSER DEPRESSED   TO  MILLIONAIRE  BUSINESS OWNER  MOTIVATED HAPPY  —————-  IF I DID IT. YOU ARE GOING TO FUCKING DO IT.
2,moderate,"i don’t like anyone suffering. I have  been thru 2 assisted dying. And at the end I asked myself what if they waited…  i had cancer, i had depression that took over my life for 10 years. Constant pain 24/7… in and out of hospitals… with my suffering I chose to live."
2,moderate,"I’ve struggled few years ago with a depression as well for years&amp; it did set me back professionally, personally&amp;physically.I was scientifically aware of the “normal” choice for a professional support as I do for  any other part that hurts me in my health."
2,moderate,"Too depressed, too lonely, too much of a loser , too sad , too worthless 🤷🏾‍♂️ ⚰️ jerked my life away fo feet and mean ass dommes…"
2,moderate,God really made sure to take time into making me a big softie inside and give me both trauma and anxiety cause without ‘em istg i can see myself being a menace to society with how incredibly toxic and dangerous i can be
2,moderate,i just want to be able to purge..  i need to be skinny but i can't stop myself from getting depressed and overeating..  i hate my body..  i just want to puke..  it sounds so easy but nothing i try works..
2,moderate,"I'm just existing right now.  I don't feel depressed I don't think, but last few years have been rough.  Daughter has had 2 brain tumours and lots of treatment, dad died of covid, end of relationship with daughters mum.  I don't get to see daughter as much and miss her so much."
2,moderate,im so depressed i can hardly move and the wads of cash in my purse are so much heavier than usual life is so hard for me
2,moderate,"I look at pictures of my younger self and even though things seemed great and glamorous, deep down I still was crying and never realized why…never realized I was suffering from depression and anxiety so hard!! 🦋💖"
2,moderate,"and 5 minutes after i got off this call where i was just crying, my dr called to add an adhd medicine to my antidepressant. i am so mentally exhausted at this point i can't even think."
2,moderate,im hurt im alone im depressed I cry myself to sleep and I hate myself all because of you
2,moderate,"I am exhausted both mentally and physically by all of this. I left my ‘part-time’ partnership (read 40 hours per week) for the sake of my health. I have three children, and have worked my arse off as a doctor for 20 years. To read these comments calling us lazy is just so sad."
2,moderate,hiding it is more exhausting than having it.. im so sick of my irls.. atp I'd die of depression before kidney failure can reach me
2,moderate,really depressed all the time and feel like no one has any interest in knowing me so im writing a tweet which we all know is the cure for these things
2,moderate,Currently exhausted. Haven’t interacted with people (only family) so I was drained being near people.  Not only I’m a awkward bitch I’m also a fucking paranoid and anxiety - induced messs!
2,moderate,"Highly, highly, highly relatable my friend. 9 months into therapy and I’ve been somewhat shocked by the ancient psychological detritus and trauma that has been drummed up that’s been causing lots of my anxiety. It all seems so unrelated. [insert Betterhelp commercial here]"
2,moderate,"I'm exhausted and my mental health has been a mess since the start. I wish ppl understood or listened to us so able bodied ppl would stop acting like we're threatening their livelihoods when all we're fucking asking for is the bare minimum so we can be safe and idk, not die."
2,moderate,"I constantly suffer from anxiety and I'm always worried about my health, and find it hard to go and see a doctor because I'm afraid of bad news, then I go into depression and I don't know how to get out of this. I'm praying but I'm a nervous wreck."
2,moderate,I don't know how to get out of this slump. I've been taking care of my physical health but I'm just so exhausted mentally. I have no urge whatsoever to study and I am panicking w/o really doing anything bcs exams are next week and I cannot afford to fail.
2,moderate,dude why tf is my life like this??? i was diagnosed with depression over TEN years ago and i’m still a fuckin loser
2,moderate,"Besides the mental health damage (GAD, depersonalization disorder, PTSD and a smattering of depression, nearly all work-related), I can't take the gossip train actively destroying and sabotaging me anymore..."
2,moderate,I am so depressed and I lack the motivation to do anything productive but anyways here are my pikachus  https://t.co/uQptil8M88
2,moderate,I stop taking my meds hen i gt depressed because I hate myself and it makes everything worse
2,moderate,"lol im degrading the tiniest things of other people in my mind just to feel good about my broke, depressed, and a big failure self"
2,moderate,"I feel so hopeless. Not only do I not see top surgery as an option for myself ever, but my depression is so bad I haven’t been able to come out of this episode in weeks. I don’t want to fucking do this anymore"
2,moderate,"All my life people have tried to destroy me, I’m tired of being on the bottom. When is it my turn? Seriously."
2,moderate,"You're exactly right! As a DV survivor, 25 years ago they had no law to protect you. I filed a permanent restraining order and he stalk me in court! I suffer from PTSD, anxiety and panic  attacks due to the trauma. It's hard to navigate the triggers as we go continue on.."
2,moderate,"You know you have chronic anxiety when you’re aware that there’s literally no reason to be worried, yet you’re panicking to the point that it triggers your depression. And now you’re panicking and depressed about some s#%*t that’s not even real. Damn!"
2,moderate,I’ve been holding this shit in for so long I’m ready to release all this pinned up energy and just be fucking single dawg. I’m not enjoying my life as openly as I should cause my whole family married me off and don’t even know I’m depressed asf forcing myself to stay for them.
2,moderate,"it sounds so stupid but I really do overthink everything said to me, no matter how small it is. im a huge overreacter so like, idk just be careful of what you say to me bc p much anything can make me spiral out of control and go into a state of depression."
2,moderate,"Down on me. I hate myself. I hate who I’ve become. I hate who I’ve been. I hate who I’m probably going to be. I don’t know what the f**k to do with my life and feel like it’s wasting away. When I was a teenager, I never thought I’d be in this situation now. It’s ridiculous /3"
2,moderate,I'm sure one of the reasons I'm so emotionally fucked up is cause my parents did not nurture a safe place for me to be emotional as a child. Shit I'm 28 and still can't tell them how I feel when I'm depressed cause they either invalidate that feeling or make me feel worst for it
2,moderate,"I'm here to be an ear, regardless of who you are, if we can help one person it will be worthwhile.  I'm not a therapist, I'm a small town lad suffering for the last 5 years with severe depression and anxiety."
2,moderate,"I've been so depressed lately, I maybe should ask my doc for some antidepressants. I get nothing done anymore. Being unemployed sucks so hard."
2,moderate,I’m literally so drained and I don’t even know what from I mean I guess I do know. But.
2,moderate,"-i am annoying aren't i people will get exhausted from talking to me and beinv around me and automatically wipe anything else you did good e trovi problemi anche dove non ce ne sono for no reason at all e i ""madonna i am so fucking embarrassing why do i even bother  i will never-"
2,moderate,"Don't need to dress up for Halloween because I'm dead inside all year around! But for real, depression do be sucking."
2,moderate,"Like I could feel good, but my body would literally be in depressed mode. So sometimes I don’t notice until I realize I haven’t eaten or slept in days. I’ve been drinking water &amp; soda but no food."
2,moderate,feeling kinda depressed again. i hate me sometimes
2,moderate,Help me w my issue cause am so stress and depressed since my goats has been killed all I keep thinking of is the town of Tewksbury telling me that they didn’t want my kind of ppl in their town and they not having those kind of issues of rehabilitation projects there
2,moderate,"A year ago I was so depressed and lost that I stopped eating. A bite of toast made me want to throw up. I lost about 20 pounds and it took a huge toll on my physically and mentally. I was self conscious, everyone pointed it out. I became so unhealthy bc of my mental health.  https://t.co/kHFSLismXx"
2,moderate,Spending- tell me it’s not just me who struggles? Needing an instant fix to feel better. Trying so desperately hard but it’s bloody hard 💔 feel like a failure to everyone on everything at everytime 😭
2,moderate,The depression is worse because my back hurts so badly again that some days I can barely move. I still think there's something going on with my sinuses. My ear is still plugging up and I have pressure.
2,moderate,"i *know* that this is all depression. i know it because i'm anxious, i can't sleep, i can't eat, i don't want to draw, i don't want to play games or hang out with friends, i don't derive enjoyment from *anything*. i know it's because i just lost 2 family members but i hate it"
2,moderate,Defiance of the circumstances of my lifelong depression.  Defiance of the ideation I suffer from daily.  Defiance of my own self-destruction.  A promise I made I will never break.  Some days aren't the easiest. But it's good to have a reminder of that which I carry within myself.
2,moderate,The worst part was spending years not understanding that this was actually depression and that I wasn’t just a complete failure at being a functional adult. If it feels like something isn’t working properly it probably isn’t.
2,moderate,"I’ve been suffering from recurring night terrors since i can remember. The first night terror I remember was around age 5. In the recent years, I’ve been reliving trauma every night in my sleep. It’s painful. 1/2"
2,moderate,"I am suffering from depression. Life just plain sucks for me these days for the most part. I will be talking to my therapist tomorrow, but I simply wanted to reach out and let others currently struggling know that they are not alone. I hear you."
2,moderate,Is it possible to suddenly suffer from trauma that happened like 3 years ago? Feels as if I’ve been having more and more anxiety recently about the events of my past… which previously didn’t effect me.
2,moderate,everything has felt so hard for me lately and i don’t know what to do. i feel constantly tired and drained and don’t want to go through the motions of life anymore
2,moderate," I hate passive therapists. ""well, tell me why are YOU depressed?"" I don't know, that's why I came to you."
2,moderate,"Same.. I’m so drained! I just don’t want to see or talk to anyone, but I can’t afford to stay home.."
2,moderate,That moment when you just can't ignore the enormous hate you feel for yourself anymore. Depression literally kicks in. I just want to cut. I want to cut all the fat off of my body. I can't breath from all the disgust I'm feeling.
2,moderate,"I'm so depressed dude, I can't deal with this shit anymore bro. I'm tired, I really am."
2,moderate,"Hey! Welcome to the land of depression! Here we have a roller coaster of extreme emotions, the water slide of tears, and the haunted house of existential crisis! Our famous attractions ensure that you never leave alive because guests learn that humanity is a failure here!"
2,moderate,i'm so depressed and feel completely hopeless about life i'm just like kaz fr
2,moderate,"I’m so depressed, I want to destroy everything...."
2,moderate,It’s hard not to see your mental illness as a burden or a failure when it affects a huge part of everyday life. I’m sorry I’m a disappointment. I’m sorry my anxiety and depression get the best of me. I’m growing tired of dealing with it tbh.
2,moderate,"in my rant, i was stressed, overwhelmed and depressed so i deactivated"
2,moderate,"If i was just a skinny cis male with black curly hair, wasn't so depressed, had people around me who actually cared, wasn't so shitty at school - I'd actually enjoy life. But am I a cis male? No. Am I good in school? No. Do I feel like people care for me? No. No No No No just no"
2,moderate,I’ve been so depressed this year. I’m so behind on new albums. I’m so behind on podcasts. I’m so behind on shows and movies. And that’s just media. I used to see my friends once a week at least and now it’s like once a month that we get together maybe. I just can’t keep up.
2,moderate,I feel disgusted with myself because I've never been able to get over my depression completely. It's always a struggle. For life.
2,moderate,"if i'm being honest...mostly recreational.  that said, i do have anxiety/depression and chronic pain.  but i just kinda want something that'll make me feel...calm and floaty...but not like dead to the world or locked to my bed."
2,moderate,"Can you send me and my family your best wishes, I just lost my job because no vaccine and am suffering depression and anxiety! Know 2 people who have had serious vaccine side effects and I'm scared to get the vaccine and not be able to provide, please send my family wishes JT"
2,moderate,I’m so burnt out and depressed lately even my momma picked up the phone and called to check on me today.  Lord just get me through this season
2,moderate,I'm extremely depressed and feel completely alone. I haven't thought about suicide so I guess that's a huge win. 😞 Something's gotta change.
2,moderate,I hate that I can be perfectly fine for a couple of days then I’m back to hating life and being depressed. My soul is fucking tired…
2,moderate,Doing ... reasonable…ish. Been on reduced dose for anxiety/depression for a while and it was working. Trying to work out if I am just in a slump and will recover naturally or if I need to put my dose back up. Hate trying to work my mind out from the inside.
2,moderate,"Using the issue of suicide in partisan politics is fucking abominable, you ought to be fucking ashamed of yourselves.  I've lost people, i struggle with depression especially and bipolar disorder, 25-50% of people with my condition attempt suicide, i struggle with ideation/"
2,moderate,I wish it wasnt a normal thing here. My depression really took a huge huge hit at 18 and up because I felt like I was ruining some expectations that every normal decent person was accomplishing. I felt (and still do a lot of the time) like a failure but like 18 is SO YOUNG really
2,moderate,depression really is my downfall i can for weeks even months and then boom it’s back.
2,moderate,"I was in a bad shape 5 years ago Was almost 60kg, dull skin, acne, eyebags, fine lines starts to appear and the worst my smile lines were dead obvious😩 Hit the lowest point in life where I was diagnosed with depression &amp; Burnout. I seek professional help &amp; were given medications"
2,moderate,"I dont believe this is the end of my story. Sadness, loneliness, pain, trauma and all sudden things came to my life just to torture me."
2,moderate,"Ykwn wht, my abuser get to live his life happily &amp; still make profit from MY STORY. I struggle to sleep &amp; able stay up for 4 days straight. They get to damage me, shamed me for speaking up. So fckn tired."
2,moderate,I  feel so lonely. I'm going to hurt someone .
2,moderate,tw // depression   seeing the cases rise here along with the number of deaths related to covid I'm just feeling myself spiral deeper into depression and feeling like whatever I'm doing right now is hopeless...
2,moderate,"You're right, dear😞I'm so depressed and can't describe my sadness🥺"
2,moderate,"no, i'm currently going through depression, social anxiety, overthinking and low self esteem."
2,moderate,"I wish I wasn’t depressed. I’ve dealt with so much trauma the last few years… and everything is crashing and burning. But, HEY  AT LEAST IM WATCHING DRAGON BALL AND EATING CHICK-FIL-A"
2,moderate,"I suffer from severe depression &amp; anxiety. It takes my energy, friendships, and interests. I thought my demons were laziness &amp; being self absorbed. If you were ever in my life &amp; it’s been while, you still are. I will never stop fighting to get these things back ❤️"
2,moderate,Haha  failed to protect me against hate mail &amp; death threats. Instead it accused me of faking clinical depression and fired me.
2,moderate,“are you ok” no i’m in a permanent state of mental anguish and i feel like i’m melting and my depression is slowly getting worse and worse and the voices in my head are getting louder
2,moderate,I lost all my claims when pip come up the I finally got daily living allowance but not mobility so I applied it after that they then send I can't have anything I went two years without anything my epilepsy anxiety was bad I didn't want to deal with it being depressed now I get
2,moderate,kindly help us. We are suffering from sever depression because of
2,moderate," getting told ""I look tired"" just reminds me of all the sleepless nights caused by my anxiety over my appearance. Thanks for perpetuating that cycle 🙃"
2,moderate,hate that even tho i’m mentally the best i’ve been in years i’m still so depressed and have this shitty little outlook on life like seriously if i can’t be happy now i’m realistically not gonna be for a long time
2,moderate,"i hate the the old me, but i also hate the new me im so tired of not recognizing myself in the mirror i am tired of everything bro everyday is a never ending loop and it just feels so dull. i just wanna feel something bro im so exhausted of this life and everything"
2,moderate,I prefer to mute than soft block as someone who has received the olde soft block which lead me into a spiral depression and would hate to do that to someone I simply find annoying… yes. I have anxiety.  https://t.co/tgqVooUQzr
2,moderate,I have been continuously suffering from severe depression an so is some of my closest friends. I was consistently blamed and shouted at because i missed invitations and appointments to certain events that i couldn't gather strength to go to
2,moderate,"They drained each other's magical energy and all died.   I then jumped into a pool and drowned, the end.  My antidepressants have made my dreams so much more weird and vivid seriously wtf X'D"
2,moderate,"I think I have given up  Totally  Seen a lot today  I cannot believe Leigh is getting so much hate  I am slipping back into depression again.  I think I am going to disappear for a while. Please stop spreading hate on Leigh, she deserves nothing but love.  https://t.co/wtL4myeZim"
2,moderate,"I actually suffer from regular bouts of severe depression. This is a disease that causes TERRIBLE suffering, equal to any physical pain. Any breakthrough that can cure it is a good thing. Don't begrudge people who suffer from diseases cures."
2,moderate,i am so drained. i’m ready to have this baby 🥲
2,moderate,"Personally, I need to feel good about myself to nourish my body properly &amp; exercise. If i feel disgusting, ashamed, guilty, i’ll just get depressed &amp; lose all motivation. Slow suicide. People have a right to feel beautiful. Feeling disgusting doesn’t inspire change in everyone."
2,moderate,"I am grateful for life, hopeless ASF. Depression has ruined me and my only refuge is been online on Twitter.   Sometimes I feel like God ain't listening to me anymore. I've asked for mercy. I just need help, I definitely need financial support."
2,moderate,"i was ostracized for being the weird kid then all the other weird kids ostracized me for suffering from depression due to trauma i didn't even understand at the time. i tried emphasizing to people i was sick, i've been clinically diagnosed with depression."
2,moderate,"Please give me strength, i am suffering a lot from depression 😭😭😭"
2,moderate,"I have no skills, no faith, no culture, no genuine empathy, I abuse drugs, I watch pornography and engage in demanding sex.  Why am I so depressed?  Must be a chemical imbalance."
2,moderate,IM SO UNBELIEVABLY DEPRESSED GOD. IM SO DEPRESSSEEEDDDDDDDDDDDD I NEED TO ESCAPE
2,moderate,"I have two daughters and I just want a day where we aren’t worried about money, I’ve been depressed and I haven’t been financially stable since June. Since I lost my job, I’ve been working at 711 but I barely make anything there. Anything helps, $bnwelch104"
2,moderate,Unread/unopened messages from ppl I love give me anxiety due to my trauma lol
2,moderate,"Some people hate the monster inside their head. I don't. I hate my depression. The monster inside my head. Well, sometimes it's difficult to get a long with it but when I let myself get pushed down by others my monster starts to pay attention and when a certain limit is reached.."
2,moderate,"it rlly just hit me that i used to be a smart girl who followed rules, was a ballerina and played the violin. and now im never sober, dont have a high school diploma, too depressed to go to school and has therapy half the week :/ talk about being a failure lol"
2,moderate,// if I go quite cause I feel a sleep my depression is so bad right now hate it and I don't want it to spill into my muse
2,moderate,Drinking is losing its appeal to me I always wake up the next day feelin depressed and my stomach hurts
2,moderate,It’s pretty hard to move forward from depression when I feel I’m not living life
2,moderate,"Nah fr I am so depressed, someone get smashed with me before I smash myself"
2,moderate,If I would have got on adhd and depression meds at 14 then my life would not be this lifeless
2,moderate,"Is it me or is it depression? I seem to drift away from people, feeling so trapped in my own world… I seem to lost touch with the world, maybe it’s just me I guess… I’m just a loner…"
2,moderate,"i'm feeling awful and i'm telling myself that i'm hated here, i'm so exhausted with my anxiety today"
2,moderate,"At the same time I don't want to let them know they were right and I'm a failure in everything I try to do to gain some money. I can't find a job and everyday I keep on losing my smell sense more and more, my anxiety and depression have been on the clouds for months (+)"
2,moderate,"Wishing i could be the lucky one, hi i have a depression ,maybe you will not feel it, feeling alone,sad sometimes,felling hurt , all i want is to be alone i want to do something but i cant , feeling that im not lucky enought but right now i feel happy because this opportunity"
2,moderate,im so tired of myself why can't i succeed at anything
2,moderate,the only way my body responds to stress is by initiating self-destruction
2,moderate,Im just struggling so much... Im at a low esteem right now.. you know.. I know I have to hang on.. but its just so hard right now this unbearable pain is hard the misery and all and the depression and grief its hard...
2,moderate,"This is perhaps a really late response but I am taking a long break from twitch, honestly between being introverted and suffering from depression I lack the energy to create content. The worst thing I did was push myself and deny my depression, which caused it to get worse."
2,moderate,I’m so depressed my therapist upped me to 2x a week smh 😭😭 I’m hoping it will help though!!
2,moderate,can’t tell if i wanna recover or not i tried it and just got really depressed so like-
2,moderate,I’ve been so depressed every since my dad died. It’s been a whole year now. It feels like a dark cloud just over my head and it keeps following me everywhere. I just wanna be happy again and I feel like that’s never gone happen🥺💔
2,moderate,"My depression is worse.BTS isn't even making me happy anymore. Dammit. And it's so early to slide into SAD. This winter is going to be so hard. I hate being depressed. I hate winter.I use BTS as a barometer to determine how bad I am. If they can't fix it, gotta go to the doc."
2,moderate,"I was diagnosed, all in one go, with ADHD, general social anxiety, depression, C-PTSD, &amp; dyscalculia.  They never asked exactly why I was depressed, but they had my family history in front of them so they knew it was genetic &amp; aggravated by a lifetime of medical neglect."
2,moderate,I really hate my job so much. My depression is high rocketing rn. I’m just trying to stay a little longer so I can move out and away from everyone.
2,moderate,Hate people always telling me what I already know which is why I disappear I prefer to be alone anyhow I got a lot of depression soo I rather be sad alone then around anybody
2,moderate,"it’s like something has a grip on me and it’s takes everything in me to get myself up and out of house on these days. almost like i’m not even in control of my own body. and by the time i manage to finally leave the house, i’m so physically and mentally drained."
2,moderate,"I'm not. At all. Gotta select my career stream in like 3 months,got so much pressure on me. I cried a lot a few days ago because I was so exhausted, mentally and physically. I just want a break but ik that's not possible so I'll keep going :("
2,moderate,I literally just got hit so bad with a big depression bubble and I just want to stay up all night and wallow in my misery bc HEY WOW IMAGINE THAT IM A FAILURE AND I CANT DO SHIT PROPERLY but I can’t do that bc I have work LMAOOOOOOO
2,moderate,"the fact that the reason why im getting so anxious and depressed its bc I haven’t gone to therapy for three months and now i cant even call her to book another appointment because im too anxious to talk on the phone ,,,"
2,moderate,Life gets me so down and depressed being a lone all the time nobody understands or cares
2,moderate,I don't really understand how to get my life back together after facing the kind of life where people around me are missing. I've already lost so much to depression and I'm anxiously hoping my friend is found safe.
2,moderate,Yep feel my self starting to fall back into a depressed state ://// hate when this happens. It’s like the smallest things can trigger it too.
2,moderate,"trying to give the best I have even though I have been so exhausted  to do it but I can't stop giving and I don't know why .. I'm just afraid of myself, maybe I can't forgive me someday"
2,moderate,"I already speak up about my anxiety and depression. I mentioned my PCOS. But you know what I haven't brought up?  Infertility. My PCOS makes it nearly impossible for me to have my own child. ""Why don't you just adopt?"" It hurts mentally more than physically.  You're not alone. ♡"
2,moderate,In the next few weeks I'm taking time off to heal from surgery and depression and the thoughts of suicide and focus on healing my body and mind and go see my boyfriend. If anyone can help me put $275 in my saving account through venmo or cashapp.  Venmo Matthewabbott40 /$mda1580
2,moderate,"I had to take out a loan today to cover some of my debt, putting me in more debt. Almost got fired from my job because the medication I’m taking for being sick is causing excessive tiredness and I overslept along with the crippling depression that already has me lifeless. Cool"
2,moderate,"me always when i have a problem, I'm sad, I'm lonely, I'm depressed, break down, overthink, especially if I'm suffering ...  don't let anyone know coz everybody judge you...     https://t.co/oUjL7cv5pS"
2,moderate,according to my therapist is is self destruction😊
2,moderate,i hate feeling this way about myself and everything.. i hate saying this and feeling like this but i really hope my depression doesn’t get the best of me 😔
2,moderate,Fun fact: its been almost 3 years now and I still wanna bash my brains into the cement for getting so overly emotionally attached over someone who obviously didn't give a single shit about me. Follow me for more tips and tricks on how to be and live depressed.
2,moderate,I’m only scary bc I truly am all about self destruction .
2,moderate,im terribly depressed so im going to have a dinner and lay in bed today because i just cant be bothered im just going to be fat and useless my whole life
2,moderate,"i wish they would just put me under. for everything! trauma/anxiety plus the numbing issue? just put me to sleep.  just a cleaning? nope, put me the fuck under."
2,moderate,I JUST WANTED A FUCKING MOM. I JUST WANTED A MOM AND I GOT A DEPRESSED BRAIN AND TRAUMA AND I’LL NEVER HAVE A MOM. I’LL NEVER BE SOMEONE’S KID I’LL NEVER BE THE SON THAT SHE LOVES. BECAUSE I’LL NEVER HAVE A MOM.
2,moderate,"My anxiety has been on 10 recently. I feel drained and overwhelmed almost every second of the day. But I’m trying to push through so aye, good for me."
2,moderate,Hate my job. The thought of going back there in 6 hours is so nauseating. I’m exhausted but I don’t wanna sleep because then I will have to be there “quicker”. Jesus Christ. Time is an illusion
2,moderate,i just feel so drained and used by everyone
2,moderate,and i'm done.  i'm done.  it has begun to scar.  it hurts too much to care.  and i am too tired to heal.  and i am too scared to leave.
2,moderate,mints my depression is endless because of how much you continue to torment me
2,moderate,I feel so mentally drained that it’s effecting me physically.
2,moderate,"The reason why I feel myself so fallen down many years, stressed, lots anxiety, like depressed, sleepy, bad sleep, excess weight, etc.. is high hormones level and thyroid. 😔 And no one doctors before I visited nothing told me before about that only one today !"
2,moderate,"I’m beat down myself. Recovering from a total knee replacement surgery. Everything hurts, it will be a year before I can move w/o pain. It messes w/the mind &amp; heart. I’m exhausted from being the one at work &amp; at home holding it all together.  I’m so tired of being the strong one."
2,moderate,wow it really has been a lil over a year since i got into radiohead- i used to be so depressed but now i’m depressed and like radiohead!!!
2,moderate,Ahhh as we approach my birthday the depression hits hard just as it always does. I hate myself and my birthday so much.
2,moderate,Depressed. No energy to wake up No energy to clean No energy to eat No energy to live I truly hate it here.
2,moderate,I wish I was enough
2,moderate,What’s higher than depression but less than suicide? That’s where I am
2,moderate,I just want a day where it feels like I'm not falling apart anymore
2,moderate,"As a person suffering from depression I want to say that those are nice words but very hard to hear most days!!! But as far as today goes, thank you! Every day is a battle!"
2,moderate,"God, I'm sick and tired of always feelin' lonely"
2,moderate,"My meds help but only for a temporary state of time. I’m tired of being depressed, sad, and angry. I’m not having suicidal thoughts which I’m proud of. I just wish I wasn’t struggling mentally!"
2,moderate,"It sucks that respecting my own limitations makes me look unreliable, and that my legit reasons just sound like excuses to NT people. I hate myself so much in these moments and I’m so exhausted from feeling this way my whole life 😓"
2,moderate,Discover debt collections really fucks you up. Like I’m serious. When I was there my depression and anxiety were getting worse by the day. Like I felt dead ass numb. Now my bubby got a hypertension attack due to the stress that the job brings.
2,moderate,"There are dark days when  makes my brain tell me I'd be better off dead but I've learned that my brain lies to me. I am better off alive, even with all my health issues &amp; how they have  made my life so small &amp; lonely. 9/"
2,moderate,"Please don't cry when I'm gone, But rejoice in my death instead, For now I am no longer in agony.  Ah, depression. Gotta love its inspiration.  (I'm not a suicide risk, so please don't worry.)"
2,moderate,"I hate feeling guilty for being depressed because I'm a mom. People expect me to be strong, because I've overcome so much but, man it's exhausting. I feel that if I can't deal with myself, how am I gonna keep raising my daughter if I can barely get off of my bed.😣"
2,moderate,"why I’m so fkin sensitive and I can’t handle anything? I’m just sick of everything and I can’t handle it anymore because it hurts, it fkin hurts like whenever I’m happy I must see somth that changes my mood in 1 sec and i be that depressed child again. Everything sucks."
2,moderate,"You know, I thought I was doing just fine. I thought my depression was gone because I didn't feel like I used to. I didn't feel hopeless. But this morning I had to call out of work because I couldn't stop hysterically crying. For no reason. That's not normal."
2,moderate,"Sometimes I just don’t wanna be here nomore  💯not off no suicidal shit but I’m rl so depressed rn fool nobody check to see if I’m okay or nuffin , until I just up and leave and die . then everybody gonna wanna be on my dick saying how they wish this &amp; that i been not fuckin w ya"
2,moderate,THIS IS SELF DESTRUCTION. I cannnnNOT HANDLE THIS
2,moderate,i'm missing more classes than i did last year because we're in person now and even when i was mega depressed i could still just log on without too much trouble. i'm tired and sad and self-loathing all the time and i just can't go on like this yet i keep having to
2,moderate,The way I’m so depressed i have no to do anything . just wanna be high and forget everything lol
2,moderate,"Ahhh, jeez... This is too draining, ugh—I don’t wanna do this anymore... I’m so depressed, I wanna die..."
2,moderate,That what I say behind the back of my best friend last year it cost me :  -one year of crippling depression  -a lot of tears  -being a dark Sasuke during the French lesson -anorexia (I’m not sure if it’s anorexia  but it still hurt)
2,moderate,"🗣🗣🗣SAY IT LOUDER!!!! 🗣🗣🗣  Aiden couldn’t even crawl yet, I was suffering from postpartum depression and ptsd from L&amp;D and I had people asking when I was planning  🥲  the questions now that I’m divorced are even worse.  NORMALIZE MINDING YOUR OWN FUCKING BUSINESS"
2,moderate,"I dont ever want to fall so deep in depression that i dont give a fuck about anything anymore again , i hated myself for it.  I can feel myself slipping cause ive been down this road before , i know whats ahead They gon' hate me too."
2,moderate,me living in my own trauma and sadness bubble unable to see what their life has been like and how it’s changed the past year. 😭
2,moderate,I’m so depressed right now. I can’t stop going in &amp; out of panic attacks &amp; my Xanax isn’t helping which makes me think something else is actually wrong. Don’t think it’s corona but I feel like I can barely breathe &amp; my chest is tight. It’s just putting me in a spiral
2,moderate,"Suffering from PTSD, anxiety, and depression, things can get a bit difficult at times for me. Video games and the gaming community definitely helps with everything. If you ever need someone to game with don't hesitate to ask. This goes out to anyone and everyone out there."
2,moderate,Being depressed sucks but i dont wanna get into another half assed suicide attempt either
2,moderate,"I am proof it gets better. I have struggled with thoughts of suicide, throes of depression, manic episodes, and inability to function throughout my life. For once, I’m very happy. It’s not easy. I have medicaid that allows me to have access to meds. I have a great home life too."
2,moderate,i'm too tired to eat  too tired to breathe  too tired to deal with all of these tragedies
2,moderate,"i’ve no true friends,nobody gv fk abt me, nobody values me,nobody appreciate me,nobody wants me,nobody understand me,everyone just used me and finally left me.What is The Almighty planning for me,i am so exhausted and broken rt now Ntg goes as planned and i’m hopeless🌚"
2,moderate,My former employer helped so much with my mental health . I went from mildly anxious to severely anxious and depressed. Progress.
2,moderate,"I can act like I’m having a good day, i can have good laughs, but I feel like I will never know what happiness is, worst part thing is tho. Is that if I am happy, I won’t even know that I am happy. I’ve been depressed sad for so long I really won’t know when I am 😞"
2,moderate,"I'm  going to something  wrong . hard work ,consistency  everything i did   these wrong key ruined  my life  I'm  too depressed"
2,moderate,Luvs I'm so depressed and even more depressed that my insurance got more expensive the more i made lmfaoooo can I even afford my old therapist
2,moderate,Hey rae i’m depressed and i hate my life — Let’s bond bestie cuz same 💕  https://t.co/ECqakRKH7K
2,moderate,just realised tht when i come out of uni i walk past my therapy building from 2 years ago like i was so depressed and even more suicidal and basically preparing my suicide and now i’m at uni love tht for me ?
2,moderate,"Hello everyone. I just wanted to say that I'm suffering from severe depression and anxiety. So I'm not sure about the future posts on this account, it can be triggering for many. So please mute, block or unfollow me as per your convenience.   -Love Aera 💜"
2,moderate,god i just want to get out of this house im fucking tired this man makes me feel fucking hollow im so sick and tired of waking up every fucking day and dealing with this scumbag i feel sick to my core when he talks to me
2,moderate,"""Suffering depression""  I shrugged it off and continued on about my life.   Later on my body became heavier and heavier, exercising was more and more complicated, waking up was even more complicated.   But again me being dumb I ignored it all and simply feigned ignorance when-"
2,moderate,Hello people of twitter and beyond. I want to share my story quickly about my struggle with poor mental health on this incredible day. I have been suffering with Chronic Fatigue Syndrome/Myalgia Encephalomyelitis for 20 yrs. Due to that I had to deal with depression and anxiety.
2,moderate,"Sitting here in the deepest depression, holding the anger in so I don't do anything really stupid. My mental health is very low. Even my excellent physical health is suffering now.  What can I do that doesn't involved a criminal sentencing? Won't last another 4 weeks of this."
2,moderate,working full time when you’re just mentally exhausted fucking sucks. i need a break from the whole world i’m so goddamn tired
2,moderate,I am fed up this f**king life.... I am so much depressed that I don't what is going on and what to do....
2,moderate,I'm so fucking depressed I can't even stand the thought of going in to work rn but I really can't afford to call off my shift again
2,moderate,I'm tired of this constant sadness. Now I'm gonna go watch a comedy video to feel a little better. My life is a joke anyway
2,moderate,I’m so fucking tired of my mental illnesses running my fucking life
2,moderate,entering a belated 2014 depressed vocaloid phase and i don’t think I can get out of this one so fast  https://t.co/DpsQcbBXUJ
2,moderate,I’ve been so depressed that this is my first meal since Saturday.
2,moderate,When start the covid period before 1.5 years I have lost my full business and not on line till now. I have deeply depressed so see the last way in life and trying to sell my domain. Thank u for personally interest.
2,moderate,I feel am scared and I hear younger me the one that has the big heart and cares for everyone say come back but the depression is pushing that voice out more and more one day I'll be dead inside Nothing to love Nothing to look forward to so cherish the time with me b4 it's to late
2,moderate,(…the reason why I have felt so frustrated and basically broken almost my entire life when it comes to interacting with people and building bonds with them)  anyways I normally would have never said this tweet but I’m just oversharing so maybe others won’t feel alone/an oddity
2,moderate,so basically a light bulb went off in my brain of why I’ve been depressed since the end of august… totally forgot about my seasonal depression… I get depressed all through start of fall til beginning of spring…. But we put on a smile and keep moving  https://t.co/dpbybnr0rl
2,moderate,i am so depressed. i have come to terms with the fact that i will always be alone. lol
2,moderate,"So drained. Been draining for two years now. Miss the feeling of something being energizing, something giving instead of taking.   I think about that tweet that's like ""the pandemic took everything from us but work"" a lot."
3,severe,I  can't see any reason to keep going on. I'm going to hurt someone .
3,severe,"I made my complaint on the back of another suicide attempt &amp; years of anxiety, depression, substance abuse, self harm &amp; unstable career. I chose to live and fight but there is much more to do now.      https://t.co/ryX0VjYhSe"
3,severe,https://t.co/wNLfX7Jfvb  Self destruction seems to be my natural calling.  https://t.co/YIgsOI1B8e
3,severe,suicide ideation is something I’ve kept under wraps to many people because it’s hard explaining being so mentally tired with life that some days it would be easier to not live through it. the mental back and forth through those days are the worst of depression
3,severe,"At 14 I was diagnosed with severe ocd, depression and anxiety, now 40 and having survived suicide twice I'm always greatfull to people who have platforms to raise awareness of all mental health issues, its easy to say but I can't stress enough,please talk,it helps💙"
3,severe,could you help me with rent?? I'm struggling with depression and unfortunately suicide because I'm struggling so hard financially
3,severe,-I have to drive home this weekend I’m so disassociated I’m sure I’m gonna fucking crash my car and die. I don’t want to die though I just want to be free. I might just ask my parents to get me but I don’t want help I like being depressed but the heaviness is to much
3,severe,"pt 2., So basically i don't want to be here anymore, i hate it here, 'nobody' loves me i'm ugly ect. i don't want to die but its so hard i'm struggling. . . I attempted suicide 'three' times in the past week i really don't want to go but my depression is taking over pls help me"
3,severe,(Hey I don’t want to go out of character ever but just so you know the owner of this account does suffer from depression and suicidal thoughts so if there’s suddenly a week with just bot posts then she probably ended it all Love you guys and I’m glad you’re enjoying my shitposts)
3,severe,Wow I’m so depressed I could actually die tonight
3,severe,massively since I started  using twitter as an example my mh condition changed from 40+ years of dysphoria which is now manageable since i started transitioning 2 years ago to mainly been outside pressures Not being able to sleep / depression and getting suicidal thoughts. I had
3,severe,"I think i was suicide, one time i've seen him talking on livestream about his depression"
3,severe,tw // suicide  i took the pills this morning but ended up vomiting them after a while . i can't believe i failed again i really cant do anything right its such a simple thing and i cant even do that why am i alive i want to die i want to die i dont want to be here anymore
3,severe,I  think I'll buy a gun. so I'll just end it .
3,severe,"wish I have enough money to live my life, enough effort to finish my study, enough competency to work, enough will to live healthy, and enough courage to see psychiatrist. I feel depressed. these suicidal thoughts, inability to do simplest chores, and sad feelings are killing me."
3,severe,i no longer want to exist at all actually everything is so hard and i am exhausted
3,severe,"Lol told my mom I’m closer to suicide than I’ve ever been, she thinks I haven’t been fighting depression openly and rough af TRYING TO LIVE but me wanting to die is just giving up, like my whole life I ain’t been fighting that’s hilarious lol"
3,severe,I am so drained I want to expire.
3,severe,"Im so exhausted. I feel like Im repeating the same day over and over, the same routine, same feelings, same meaningless drama. Im so sick of it, I just want to feel alive and be happy but Im constantly drained and everything feels so pointless. I just feel dead."
3,severe,"I myself ended up suicidal, and eventually lost my primary [who to this day I love, though I am in a happy loving relationship I plan to stay with] who I'm sure I caused a lot of damage to by things I said and did while seriously depressed. I asked for help to break up with the"
3,severe,"Kind of a touchy subject but ig some history with Jack Crackhead  back when I made her I was in a very terrible place, I was in the peak of my depression months ago the first piece was when I was having horrible thoughts, but I decided to put it in art because I would hurt myself  https://t.co/xf0T7u9bbN"
3,severe,When I was unemployed I was depressed and suicidal so fuck that
3,severe,"Far away and save me from my self-destruction, hopeless for you"
3,severe,"Lyrics. Lyrics about my depression, new found love, and suicidal thoughts. But on a lighter note, I also wrote down passwords and stuff😭"
3,severe,"If I can be honest, I'm just not feeling happy anymore everything to me is numb down to just my mental state beating me with a bat. I went through ideas of suicide or self harm before but always back down from it. I don't know what I can do anymore I'm just so upset, depressed +"
3,severe,"Ahhh, jeez… This is too draining, ugh—I don’t wanna do this anymore… I’m so depressed, I wanna die…"
3,severe,nobody cares about me to the point that if took my life rn nobody in my family would even notice I'm so disappointed in them i thought they were better than this but they're just way more worse I'm so tired so depressed i want to die i just keep on suffering
3,severe,I survived 5 suicide attempts) Depression and anxiety can affect anyone. Let us end the stigma.         https://t.co/S3TgUVMe2T
3,severe,⚠️⚠️⚠️ TW Mention of self harm and suicide⚠️⚠️⚠️ skl kasi   2 years ago i was diagnosed with clinical depression and anxiety. And the trigger that made me spiral into that is my first office job.
3,severe,"3/ Depression, helpless, loneliness leads to Suicide. I have only one this option in front of me. Got married and I have two children, Kindly please help us and save our lives. I'm very grateful if you could help us."
3,severe,god i fucking hate the bus bro i’m a depressed suicidal faggot trying to get to school and this lady’s trying to lean into me multiple times. there are there kids in front of her one of which is hers
3,severe,"At first, I didn't realize that I'm depressed but I'm already losing the will to live. I remembered wishing &amp; praying to die everyday. I even tried to hurt my self but I don't have the strength to do it because I was afraid to go to hell if I take my own life"
3,severe,Im lonely i don’t got anybody in my corner I’m depressed my own mother not even talking to me I rather be dead
3,severe,"you see,, i don't know if i'm seriously this depressed or if my soon to be period is making me suicidal? but i've been experiencing intrusive SH thoughts and such a depressive episode that I literally couldn't bring myself to do anything today. I am genuinely struggling right now"
3,severe,I was depressed in the morning but because of alcohol consumption I’m happy as fuck. Don’t let anyone tell you gore bojalwa gase anti depressant. I’ve even found solutions to my problems ke ntse ke tagilwe yet when I was sober I was suicidal.
3,severe,"I've struggled with depression and anxiety basically my entire life. I've considered ending it more times than I can remember. I need professional, but because I'm poor I get to suffer alone. I hate this country for how they treat us!!"
3,severe,This marriage increases my likelihood of depressed induced suicide.
3,severe,I want to cut myself so bad. My depression is a black hole. Happiness is none existing. Overthinking like the speed of light.  The Guilt is heavier than the world. The Shame makes me wish I was a ghost. There's no peace in the war of my life.
3,severe,"i only notice im getting depressed when im in the pit and am contemplating suicide again and then its like ""oh"""
3,severe,The resentment I have for those who was close in my life makes me so depressed I do sometimes consider the possibility they would be happier if I was gone...
3,severe,🥲i have a self destruction kink
3,severe,hope depression don’t kill me .. i hate it here 💔
3,severe,also when u talked about bf I cried 😭😭😭why r u saying this? To hurt me? 😭😭😭If u really did this to me... I ll hurt myself lot or maybe do suicide 😭😭😭I'm depressed and u r keep hurting me by saying bad things 😭😭😭
3,severe,I'm the opposite for me. Now I only get hypomanic if I do drugs. (I know that is sassy of me). I struggled with depression for 4 years multiple suicide attempts. I pray your mania gets subdued I know how hard being manic can be as it messes with your pyschi
3,severe,Big depression wish I were dead day but at least I got the new  jam.  https://t.co/c9jPEmOZmV
3,severe,"Damn, I probably would have got away from depression and suicide attempts if at 12 I had those.  Btw at 12 they are puberty blockers. Which are used for other reasons also. And are totally reversible, just stop them and, physical development will go normally"
3,severe,"I know what you mean, but also I have had to fight through suicidal periods and heavy depression and dropping out and all sorts of shit to get to the point of finally getting my bachelor's and I would probably put it up there if I thought I could get away with it"
3,severe,"depression, un-aliving myself, isolation, rotting, and more all of these coimg as a take for my self-destruction and self hate in one night"
3,severe,I hate being depressed and i hate existing
3,severe,"I wish to God I could have this. Been fighting depression most of my life and 21 years of pain. I’ve reached a point of apathy. Sometimes I feel nothing, but I can’t get up and know it’s depression."
3,severe,"I think I'm to the point of self destruction I'm looking for people to ‘Alpha’ read my first 2.5 chapters…  I'm sitting at 7k words. Its extra rough, but mostly looking for if I should keep going or not…  (Thriller. Violence happens(blood). Screaming.)  Surviving a kidnap.."
3,severe,what I hate abt my depression is that I’m never hungry enough to chase my dreams. I’m always like 🤷🏽‍♀️ guess I’ll die.
3,severe,"tw// suicide   idk if mine is moderate or severe bc i'm not really ""suffering"" bc i got used to it and it feels comfortable but depression made me romantize suicide so much that i feel like someday i'll have to do it  https://t.co/A5Z2RigUBG"
3,severe,"I’m not depressed, but I sit in bed all day doing nothing, wishing I had a life/job/plans for the future. BUT I also have severe anxiety about being a functioning member of society. SO, the point I’m trying to make is, the sweet release of death sounds super yummy."
3,severe,"As someone who has suffered with Depression, PTSD, ADHD, EXTREME anxiety, and thoughts of suicide this daily is REALLY important. I didn't have ANY support growing up with this."
3,severe,NGL this lockdown has made me contemplate suicide not just the normal voices in my head telling me to do it but legit I have been so depressed death seems a viable option I'm just being real with yall I struggle enough with paranoid schizophrenia the lockdown makes life worse
3,severe,"I wish I had the energy or motivation to do literally anything. depression has seriously ruined my life and I don’t know how to get out of this deep, dark hole im in. i’m truly at the point of giving up. no meds work, no therapy works. I just feel so stuck. I hate it here."
3,severe,I  have no reason to live. so I'll just end it .
3,severe,"Me being suicidal and depression means I’m already failing Allah as a Muslim, can this get any worse, I am better off as dead where I belong"
3,severe,"I'm too depressed to flirt with y'all rn, I'm sorry..  Not in the best headspace, in fact im in a very bad, cant go near anything dangerous headspace..  Curiosity of nonexistence is too alluring of a scent  that I might end up doing it, so im blocking myself in my room."
3,severe,"Aaj free hoon, soch raha hoon thodi self destruction hi kar loon."
3,severe,i wanna d1e n never go 2 college again im so depressed  https://t.co/eA4PqQ4hD3
3,severe,I’ve suffered for depression and anxiety for the last ten years one suicide attempt if you are suffering get help talk to someone it really does help it saved my life
3,severe,tw depression and suicidal thoughts  i’ve been maintaining for months while in recovery [and that number was actually higher than before i relapsed💀] but my suicidal thoughts &amp; depression have made me wanting to starve again
3,severe,"If anyone can help me with $400. I'm taking some time off to heal from depression, anxiety and thoughts of suicide. Going to go see family for a couple of days and need a rental car and things. Please cashapp $mda1580"
3,severe,How can I say I love being depressed when the other side of that is constant intrusive suicidal thoughts
3,severe,i.. hate my life.. i dont want to be here anymore..
3,severe,I  can't see any reason to keep going on. I'm going to hurt someone .
3,severe,I have crushing depression and suicidal ideation please help
3,severe,"Incidental depression check.   Forget to take medication 3 days in a row: not only going through w/d symptoms but all the negative thoughts come back and suicidal ideations start. Take medication: all that stops and mood is 1000% better. Conclusion: yup, still have depression."
3,severe,"And maybe I'm broken completely I'm always so fucking depressed I'm meaningless, nobody needs me I'm everyone's deepest regret Yeah, this mind that I have is a sad one This heart that I have is a black one I reminisce times that I had once With the girl of my dreams that I had"
3,severe,"(1/2)As someone who's suffered from clinical depression my entire adult life - capitalism doesn't cause depression.  It DOES exacerbate it, but it's caused by real, physiological processes. I'm so fucking disappointed by this discourse."
3,severe,I tried to be silent about it but I've been so fucking depressed to the point where I'm actually thinking of killing myself. 2021 has been the worst year of my life and I can't stand being alone all the time. My current therapist isn't working at all and I'm getting suicidal.
3,severe,I  feel so lonely. so I'll just end it .
3,severe,"This instinct to submit to you, I can't stop. I'm going crazy. I'm suffering from a case of unconditional love. I can't take it, I'm on the verge of self-destruction."
3,severe,"I suffer from depression and was diagnosed with PTSD this year, and it was hard to stop having thoughts of suicide, it's really hard to talk about it but I'm trying to talk about it."
3,severe,"Omg i think I'm not goin to college today, i just wanna lie in my bed nd be depressed 4 a while"
3,severe,"I wish I could just die in my sleep I’m so tired of having to live this life. I’m so drained of it all, I can’t take it anymore"
3,severe,Severe depression+Renal failure……  I don't have much time left in this world.
3,severe,"Do you... dislike me now? I’m so depressed... I want to die... The only thing I do is sigh and say that, so you’ve gotten tired of me, haven’t you... If you don’t want to look at my face, don’t hold back, please say so. I will face the other way, or die right away, so...♪"
3,severe,only saying this to normalize the poker face people w depression put on EVERY single day but I have a total of like 3 suicide notes in my lifetime
3,severe,"tw // suicide  every time i get suicida i always binge which makes me depressed and then suicidal, it’s such a hard cycle to break but i’m always like “well if i’m gonna kms anyways then i might as well eat what i want” and then i eat until i’m in physical pain fml"
3,severe,I  feel so lonely. so I'll just end it .
3,severe,I  hate everyone here. I'm going to hurt someone .
3,severe,I  think I'm just a bother to everyone. so I'll just end it .
3,severe,"They figure me a dead motherfucker But I'm just a motherfucker that wanna be dead Snow Leopard with the lead in his head, turnin' me into a sweater Bitches use me as their fucking bedspread I be the silhouette of a sunset Smoke a cigarette while I compress my depression"
3,severe,i've decided having friends is useless and dating is a waste of energy and i am quitting on humanity and on myself all i feel is darkness numbness and depression and suicidal thoughts I'm exhausted and working myself to the bone for a future i don't even want it's hopeless
3,severe,My first guest: Me. A look at self-sabotage and self-destruction.
3,severe,sh //  . . . i'm so tired of everything. idk if my gf moved my blade while cleaning but if they did i'm just gonna claw myself until i see blood. tired of my family being thinner than me. tired of being fucking delusional. wish i could starve in peace and not fear dying
3,severe,"I sperged in class... I'm so autistic... I hate myself, I geniually despise myself and my brain... Depression really hitting different when you start sperging out in class and panicking"
3,severe,u know i’d probably be dead without twitter and i’m not even lying… without those tips i would have been dry fasting for tooooo long and still not drinking water enough and dead cause of depression too
3,severe,"I have been going through some issues, and it has nothing to do with any of you. I have been suffering from serious depression, borderline suicidal. I have lived an extremely difficult life, I've lost two brothers, and my mother; and have been feeling alone. Until now thank you!"
3,severe,I feel so broken and unloved and worthless and disgusting and annoying and unlovable and sad and depressed and suicidal and just so so fucking alone.
3,severe,I started asking for help but ppl didn’t take me seriously when I said I was depressed… I wanted to hurt me bcuz I was so miserable. I hated me cuz I didn’t feel good enough despite all the love/support I received from fans I still felt worthless to him.
3,severe,"i had to get stitches. which never happend before, i always stayed in control and didnt cut to deep. but at that time i was 2 wine bottles deep into my depression and self hate. i had to tell my mom to take me there cause i slept with the open wound and i was bleeding"
3,severe,I literally was a woman laying on the floor after a suicide attempt but even the thought of looking at canvas had me shaking and nauseous all weekend that’s not normal
3,severe,"It's just upsetting that people in your home gets mad at u for being unproductive, yeah ok fine I'm depressed and trying not to self destruct while you're here triggering my emotional stability... Yeah I guess self destruction is the best way to die"
3,severe,"All along I had existential issues, chronic anxiety, then later depression( lasted probably 2 years)😂😂I thought I'd never be suicidal because I'd been living with these for so long. And then someday, haibo haibo😂😂😂I got reallyyyy tired😂"
3,severe,"both of them think im this incompetent failure. they view me so lowly and when i was s*icidally depressed back in march-may they were having not so secret phone conversations about how im so incompetent, which made me even more self-loathing, and then they wonder why i have no"
3,severe,I don’t know how to feel.  lately I’ve been feeling so down and depressed. My suicidal thoughts are getting vivid.. I feel so lost and empty like someone just ripped my heart out of my chest..
3,severe,"self destruction is an art form i continue to master, thought i’d give it up but it’s still going strong 💪"
3,severe,|| I really should have never woke up today. Already tired of existing.
3,severe,my ed is a coping mechanism for my depression and i think that’s true for a lot of people but it doesn’t mean it’s safe or healthy it gives me an illusion of control and helps a lot with my suicide ideation but it still makes me miserable like…
3,severe,I feel the exact same way I felt when Ash and Erwin died. I feel traumatized and wronged and depressed and I just want to crawl in a hole and cry until I'm dead.
3,severe,//le depression  I fucking wish sites didn’t have to display loads of suicide helplines when I’m looking for places to stab myself like has anybody ever even used a helpline
3,severe,Omg I get it! This world is super hard and traumatizing especially for brilliant people. My first suicide attempt was age 7…so depression and I have a long history.   What do you need right now? And long term?
3,severe,"mezi mé oblíbence patří: If self-destruction was an Olympic event, I'd be Tonya Harding All that glitters is not gold, but It's still damn beautiful If You Were to Get What You Deserve, You Would Know What the Bottom of a Tire Tastes Like"
3,severe,i am so mentally exhausted i am literally going to die i’m not joking
3,severe,"Your courage and strength are an inspiration. Your story will undoubtedly help others to lose the shame and guilt that victims of violence and abuse end up with. I suffered emotional abuse as a child and feelings of worthlessness, depression, and shame almost drove me to suicide"
3,severe,Thanks a lot sir🙏🙏🙏  I think ydi aap log n support dete n  bahut se student  log depression me hoker suicide kr lete......  NTA murdabaad😡😡
3,severe,"Its difficult to say this, I struggle with depression &amp; severe anxiety, from a young age and have attempted suicide before on multiple occasions."
3,severe,"If you have followed me for any time at all, you know that I struggle with anxiety and depression, mainly because of c-PTSD.  I am a suicide survivor twice over and I want you to know that healing is possible."
3,severe,"On July 9th I called my doctor and told them my depression was making it impossible to function and I was worried about previous suicidal ideation returning. Today they scheduled my first therapy appointment for November 17, but tell me how we can't afford Medicare for All."
3,severe,"I’m Nicole. This is my story. I was hospitalized after a suicide attempt in 2000, diagnosed with borderline personality disorder and adult ADHD in 2001, and CPTSD in 2013.  Tyrone is my late ex-husband. We were married from 1993 to 2001. He died from depression in 2007."
3,severe,"Fuck, back then I was really depressed and furious and bitter, and couldn’t sleep at all so I even considered drowning myself in dish water."
3,severe,If I got locked up for being depressed then I would definitely just kill myself
3,severe,i kinda hope im not and that im just depressed or something but ive been like this for a few months now and nothin has changed so woooo yayyy!!!! killign myslef
3,severe,"Grabe bothered with my high anxiety, depression and suicide ideation results."
3,severe,I feel so good lately but I know it’s probably just mania n ima be depressed next week n wana die
3,severe,"Tired of hanging on, i give up life."
3,severe,"I hate not being able to cry, it makes me want to induce self destruction"
3,severe,I was unable to enter the armed forces but fell into severe depression and dealt with suicide.  Everyone in my family turned their back on me and I have stood up with God's mercy.  It is a situation that must be passed to understand others
3,severe,I'm sorry everyone.. but the hate has gotten to me 😪 I have decided to let a snake bite me and i'm going to let the venom kill me. Goodbye everyone.     😭😭😭😭😭😭😭😭😭😭😭😭
3,severe,"These are two things which my mother said after my suicide attempt which hurted me more than anything: ""I thought you were just trying to get attention when you said you were getting suicidal thoughts"" ""Depression is nothing, maybe you are getting possessed by some bad spirits"""
3,severe,Self destruction and distance is all I know
3,severe,In the next few weeks I'm taking time off to heal from surgery and depression and the thoughts of suicide and focus on healing my body and mind. If anyone can help me put some money in my saving account through venmo. Please venmo Matthewabbott40
3,severe,"like good job, that’s exactly the reason it took so long for me to tell yall i’m depressed and suicidal"
3,severe,I  want to die. I'm going to hurt someone .
3,severe,i am not ok. I wish i died. I wish it was easier to die. I am tired i am stressed. I am not dead. But i wish i was.  I wish it was easy to kill myself without fear.
3,severe,I miss my grandpa so much. It hurts so much to never be able to see him again. Grief sucks ass. And depression combined with suicidal thoughts makes it worse. 😭💟
3,severe,"I have suffered from anxiety, depression and suicidal thoughts since my teens. Although my suicidal thoughts now aren't as strong and frequent as they once was; they creep up on my bad days. It is okay to not be okay 💙💙"
3,severe,Damn I’m so depressed. About to jump out my first floor window 🪟
3,severe,Just from my personal preference but i wont have a gun because i get extremely bad depression &amp; suicidal thoughts. Having a gun would not be wise for me during those times. Especially living by myself. Id rather not run that chance Although i do 100% understand the need for one!
3,severe,I Do not wanna live I hate living I’m sad Yes I Am Depressed I’m Fucked But You Know What I’ll Get Though This Shit FUCK Sucide
3,severe,"I was humongous and then developed anorexia and bulimia but after my trauma 3 years ago now I have been depression eating and self destructing, but now I have the baby so I guess I have to live.."
3,severe,"I was diagnoses with severe depression and anxiety before adhd, and along with adhd I was diagnosed with dyscalculia as well! It's similar to dyslexia, but with math instead! Aka my hate for math and numbers is valid 😌"
3,severe,"I've been close to suicide and had suicidal ideation most of my life. I struggle with sometimes chronic anxiety daily, and my bouts of depression are hard to explain. Being open helps. Here to talk if anyone needs it."
3,severe,me: i’m so fucking depressed i cant wait till i’m dead  also me: i slammed my penith in the car door
3,severe,I hate to place blame but shawty really be making me depressed and suicidal
3,severe,Same 😰😰😰 i bought 1000$ now I'm failed I'm depressed i staked my last money that was the last money my parents lend me they thought i was gonna do something but now they hate me nice one god nice one
3,severe,I have clinical depression and I would hate this
3,severe,It’s 4am and like yeah I did end up cutting and I drank the whole bottle I’m very drunk &amp; high and exhausted I got maybe 1hr sleep last night I hated last night I hate sharing a bed I hate how pathetic I am and how bad I am at being a human this sucks lmao I hate myself so much!
3,severe,"I working so much just so I could live out my big city dreams in a high rise with a majestic sunset view.   But honestly, I've been questioning my goals because this shit leaves me so damn exhausted and drained. Idk if I can sustain this lifestyle. 😔"
3,severe,Fact about me 😉: I committed suicide a thousand times but in my imagination lmao 😹 depression can't defeat me 🤣🖤
3,severe,"Depression and anxiety AND adhd is the worst. I can't focus. Heart racing but I feel dead inside. No motivation. One day living my best life, the next I can't complete a simple task. Sigh. This wave will pass but damn, once I'm in it it's so damn crippling. One day at a time..."
3,severe,"Darling Hi why do YOU want to hurt me everyday, YOU don't want me to show YOU love, YOU hate me ,want to hurt me everyday thanks again for making me depressed days before my birthday ,I wish I was dead this pain hurts I can't take it no more"
3,severe,I  hate everyone here. so I'll just end it .
3,severe,CW: suicideal thoughts  I won't smile in public any more - the making me so depressed about what I look like that it's driving my suicidal thoughts currently...  All because I can't afford the dentist.
3,severe,// suicide ment i rlly dk how gd i was doing in english last yr bc we never get tests we just doing coursework yh theres feedback but no grades apart from yr10 mocks which was literally at the peak of my depression as in my first sui attempt so it wasn’t exactly my best..
3,severe,"It's been cloudy with a chance of depression Broke my heart, and I learned my lesson It's already over in my head It's been cloudy with a chance of anxiety Can't keep out the demons inside of me Maybe I'm just better off dead"
3,severe,"If anyone can help me with $200. I'm taking some time off to heal from depression, anxiety and thoughts of suicide. Going to go see the boyfriend for a couple of days and need a rental car and things. Please  venmo Matthewabbott40"
3,severe,"In my life, I’ve had that painful realization that I wanted to die. I’ve cried myself to sleep from the mental torment of depression. I’ve daydreamed all the ways I wanted to die, by accident or imaginary will."
3,severe,"Hello,  My name is Edgar Flores and I to had the same thought of commiting suicide because I had a lot of depression and I didn't want to keep suffering so I thought that I'll just end my life untill I was able to control my actions. I hope that this man is doing okay right now."
3,severe,"I don't know why I chose to quit, this is basically the worst time to do it. I'm depressed, lonely, unemployed. The only benefit I'm getting right now is that I'll live longer and honestly wooptie shit. I hate myself, I'm shit, and I don't fucking care if I don't wake up tomorrow"
3,severe,i am so depressed lol. i thought i was getting better and i am but the smallest reminder of my place in this world n boom wanna run a knife through my neck.
3,severe,"tw // depression, suicide  Honestly this is more that just a deep seated fear, this is straight up me probably having depression. I hate myself to for being ill and have thoughts of wanting to die multiple times already."
3,severe,I  want to die. I'm going to hurt someone .
3,severe,"You're preaching  but I dey toast you, you're doing hard girl. You're my source of depression Tolani. Let us be dating else I'll commit suicide😒💀"
3,severe,if i was ever worth it i know but doubt ill prove it give up is all i wanted times up just bleed and flaunt it waste time as if you needed blind eye im so conceded if i  was ever worth it guess not so now im dead       https://t.co/iorXnmUpmB
3,severe,god ive been so depressed lately lmao i havent worked out in like a month i wanna d1e
3,severe,"Blocked and unblocked people to force them to unfollow me. I do things like that because I'm a massive idiot. Emotionally disturbed. Failure, loser, reject, you name it. Depressed. Fits of rage. Fits of anxiety. Self destruction."
3,severe,I  can't see any reason to keep going on. so I'll just end it .
3,severe,TW: Bathtub toaster and possible smoking of the opps   Y’all ever get so sad and depressed that you wanna die while also being super angry and upset that you wake up wit murder in your mind? Like this particular situation I’ve been dealing with has me feeling like that and I just
3,severe,"I miss love, i miss dates and i wish for a movie love I’m so depressed maybe if i die i Can control it all my memories and perhaps i could just live in one forever"
3,severe,"PTSD brought on by domestic violence and sexual abuse. Anxiety. Depression. Trauma surrounding homophobia, neglect, abandonment. And extreme self esteem issues with self harming tendencies and suicidal ideations.   but I smile anyway!!"
3,severe,"I remember my first session with a psychiatrist after suicide hotline told me to see one.  She said I have depression and I responded  “I know”  Though, in my mind I wanted to respond  “Girl! Tagal ko nang alam beh.” 😂"
3,severe,I  want to die. so I'll just end it .
3,severe,"i can't handle my stress depression , i hate myself :)"
3,severe,"And physical changes happened, and it gave me false hope to think I was actually making a positive long term difference to my life by undergoing this process. But the drug testosterone just made the emotional mood swings worse, and I actually escalated in my self destruction."
3,severe,you are going to kill yourself because you are depressed. i am going to kill myself to harm and hurt my loved ones. we are not the same.
3,severe,"You know what, feeling inner conflict w/ parents (toxic mom) for many years was so depressed, shaking hands &amp; feel stiff, headache, stomachache, asthma, overthinking, feeling pin &amp; needles on my hands &amp; arms, daydream, crying for no reason, insomnia made me trying suicide 3 times  https://t.co/9wC465VMKi"
3,severe,"Wait, you said healthy? No, not then. I have chronic depression and have wished to be dead so I get that desire but that’s one disease that always has hope for improvement."
3,severe,I  think I'll buy a gun. so I'll just end it .
3,severe,"Hi there. I’m Lisa Malyn. I was diagnosed with severe clinical depression and have tried to commit suicide more than once BUT I am still here and in my mid 50s. I do understand. Please no matter how bad or dark it may seem PLEASE, PLEASE keep reaching out.  https://t.co/ORtdy6Kqwr"
3,severe,"Despite being on my meds, and being overall happy, knowing that I'm worth more dead than alive to help my family financially is simultaneously tempting as fuck and terrifying..."
3,severe,"I'm so broken, tired, defeated, exhausted, dying, fucked up"
3,severe,I suffer with alot of depression and suicidal thoughts though out the years but when it all comes stacking on you just want to say fuck it and stop trying and caring anymore and question your worth. Love to delete everything and just say fuck it all and start from scratch!
3,severe,I just pray God got me cause I can’t do birth control again😭 literally wanted to die I was so depressed on it
3,severe,"tw // depression , suicidal ideation ,, death  . . . . . Im pretty sure ill die soon anyway bc idk to handle life bc of all the trauma .  I  stopped giving  a shit about my mental health again . so im just waiting for death /srs"
3,severe,"I seem to u from my picture, the happiest person in the world and spend the most beautiful days,unfortunately this is opposite what I was suffering, depression was killing me day by day and the idea of suicide was beloved to me,  thanks to my psychiatrists   https://t.co/f57Pb9CGKf"
3,severe,"but also, people leave.   my first suicidal thought was at 13, I've been severely depressed since high school, I've been through what feels like 1000 physical, mental + emotional traumas.  maybe I've overshared, but I want people to leave if they feel it's too much"
3,severe,"When i am depressed, i feel hopeless, alone, afraid and like a failure. Occasionally, I blame myself for any situation and have thoughts of self harm, sometimes of suicid*. While i may overeat, i often don't nourish myself of doing things i enjoy. Instead, i sleep."
3,severe,i just got done having the most suicidal breakdown of my life and somehow made me feel better after 1 month of nothing but my dreaded reality and suffering from seemingly very long term depression.
3,severe,I  want to die. so I'll just end it .
3,severe,"When i'm depressed, i try to open twittr  The depressed is gone, now i really want to suicide"
3,severe,I have struggled with depression for over 30 years. I have even tried suicide. I hold relationships with friends and family very dear. It's good to know I'm not as alone as I thought. I hope one day we can all get the help we truly need.
3,severe,We have become the shit country. I am so depressed.
3,severe,"if i ever lose my battle w depression.. know that i really fought hard for years, know that i asked for so much help and no one came through, know that it wasn’t an impulse but a very hard decision.. in the end i can’t say i didnt try.. i did and lost.. but only time will tell."
3,severe,"Man, September was so hard on me. I watched my gma pass away, 💔🥺 and just so much other stuff went wrong. I been depressed asf"
3,severe,I  can't see any reason to keep going on. so I'll just end it .
3,severe,You don’t ever lose seeing your brother in such a terrifying way. I never should have let my 24 year old be there. He has not been the same since. We both have visions/nightmares. Anxiety. Depression. Losing someone to suicide changes everything within you.
3,severe,"I feel like i'm legit unable to socialize normally, i'm always being a constant failure and my existence doesn't mean a thing to anyone. I just don't understand what's the point of me being alive when i'm such a pathetic and unnecesary sight."
3,severe,"Listen,  I lost 1 year after hsc just because i couldn’ concentrate on my admission study.i took time  study hard next year and now i'm in a public university doing major in accounting. I was depressed had suicidal thoughts but i comfort myself saying my good day will come so +"
3,severe,y’all are wild for being depressed and high functioning bc i am working while depressed and literally am so close to killing myself lol
3,severe,"Just because  is obsessed with doing frauds with cxs &amp; they didn't delivered my order today, I'm gone under so much depression that i am going to commit suicide tonight as i had financial losses due to"
3,severe,In the next few weeks I'm taking time off to heal from surgery and depression and the thoughts of suicide and focus on healing my body and mind. If anyone can help me put $250 in my saving account through venmo. Please venmo Matthewabbott40
3,severe,"Dear mam I'm suffering from Depression + Fear + Anxiety,I have been fighting for the last 10 years, the responsibility of the family is on me,mother and father are elderly.I have been taking medicine for 10 years also I have to eat till I am alive."
3,severe,i felt like i deserved to be punished for stealing their father away from them but i could never figure out how to sufficiently make amends. when my depression started emerging during my jhs years i began flirting with thoughts of suicide
3,severe,I think health people could be a bit quieter and finally stop interrupting my self destruction journey thank yew
3,severe,I swear im really disgusted to continue living .. i may have severe depression
3,severe," You don't kw me and neither do I. My name is Evan ad I'm fm Greece. I have chronic depression ad I also made a suicide attempt(with pills)5 yrs ago. I'm still fighting my depression ad try nt to see an ""empty glass"" anymore. Have faith ad believe in u darling. Life is too short!!"
3,severe,"Dear mam I'm suffering from Depression + Fear + Anxiety, I have been fighting for the last 10 years, the responsibility of the family is on me, mother and father are elderly. I have been taking medicine for 10 years also I have to eat till I am alive."
3,severe,why do i always get so fucking depressed. to the point of horrible intrusive thoughts. I am almost certain i’m incapable of living outside of treatment. I was so happy and at peace EVERY. DAY. ask … best roomate ever btw.   Just depressing being out and sad again
3,severe,"feeling very much self destruction vibes, i wanna spontaneously disintegrate"
3,severe,I’m thinking of cutting. And I haven’t thought about that in a while. And my eating disorder is raging. I’m DEAD inside. The depression is suction cupped to my soul.
3,severe,"This shit ain't good, I feel so depressed and infuriating with self rage that I could just kill myself right now, fucking hate me dude, tired of pretending I don't... pls just let me have peace and not having to worry about passing the wrong message... just let me die man... pls"
3,severe,"I don’t like to brag. BUT, I don’t think there’s a soul on this earth that does self destruction like I do."
3,severe,"For  I wanna share my truth with you.  I've lived with high functioning depression all my life. I have anxiety &amp; social anxiety.  I tried to commit suicide when I was 16, 27, &amp; 30 years old. But I survived. I also battle with intrusive thoughts every day."
3,severe,only thing keeping me alive is that my cat would be depressed if I died so there’s that
3,severe,There was a time in my life when I would have suicidal thoughts daily. It went on for months. My only 'excuse' for not ending my life was that I'm an only child. It would hurt my parents. But I feel broken. Damaged. I regularly spiral in &amp; out of depression
3,severe,Around this time four years ago I was ready to take my life. How things have transpired over the past couple of days has sent me spiraling but not to the point of suicide. Thank God.   I just hate having anxiety and depression. I wish I was happy all the time.
3,severe,"I used to have to pretend to be okay and suffer in silence. Now I can just nonchalantly shoot my friends and family a text letting them know I’m battling some depression and get all the love and support I need.   I attempted suicide in 2013, that version of me would be proud.  https://t.co/N0hARPUFtE"
3,severe,i just received the lab results and i was right. my teeth breaking was connected to my condition. i have vitamin D deficiency which is also giving me depression! i was wondering why i was so depressed to the point that i was having suicidal thoughts.
3,severe,"As one that's attempted suicide alot, it's more complicated than that.  There are times I've left the hospital more depressed or even happy that I'm now free to plan another attempt.  Reality is I knew as long as not deemed an immediate threat I would be discharged, and I was."
3,severe,I’m done being quiet or excusing people who have invalidated traumatic sexual experiences that I’ve been through. I’m not going to bury my hurt or stay quiet so that others can be comfortable . That’s what led to me suicidal and depressed in the first place .
3,severe,i always get so depressed and suicidal after hanging out with my friends
3,severe,"Me: is depressed and wants to kill herself   My parents to my much younger brother: ""oh so when are YOU gonna become like your sister?"" ""Don't ever become like her please"" ""she's grumpy 360 days of the year"""
3,severe,I was very tempted to commit suicide because the pressure of my situation had got unbearable at it felt as the only escape I had. I feel better be my own best friend for the next day and battle my depression head on day by day. I'm so glad I didn't.really am. I want to live.
3,severe,"imagine being a depressed teen that has suicidal thoughts, cuts, has adhd, has trouble sleeping, has mommy issues, gay, constantly confused about their gender, a age regressor, AND a pet regressor. not to mention the monster obsession.where was i going with this? right. cbm🦋"
3,severe,I'm so drained. devasted. exhausted. I'm tired. I wish I was anywhere near okay.
3,severe,I  have no reason to live. I'm going to hurt someone .
3,severe,If depression hold me na suicide one time and make man no cry cuz I lived well already
3,severe,"I try to die everyday. Whether it is physically, mentally, spiritually, or emotionally. Self-destruction is the only way for me to grow. When I kill off every aspect of myself become something else entirely different. Death is nothing to be feared but embraced wholly."
3,severe,and  to anyone suffering from  or suicidal thoughts. I’ve been working on a cycle of  called  because his work &amp; vision keeps saving my life. So some  from me to you to celebrate   https://t.co/zx6TgStWL2
3,severe,I  have no reason to live. so I'll just end it .
3,severe,"If anyone can help me with $250. I'm taking some time off to heal from depression, anxiety and thoughts of suicide. Going to go see the boyfriend for a couple of days and need a rental car and things. Please cashapp $mda1580 or venmo Matthewabbott40"
3,severe,"I've ADHD, Asperger's, anxiety &amp; recurrent depressive disorder. It's taken 15yrs out of the 46 in my life. Despite multiple serious suicide attempts I'm still here. I'll talk to Porteous about depression. He's a lying bar-steward using my hell to deflect."
3,severe,"Overthinking is ruining my life - to the point where I overthink myself out of living. Why do I do this, and what should I do? I do suffer from severe social phobia and depression and have been through severe abuse in my life."
3,severe,i have severe depression n anxiety since god knows when. was diagnosed at 10 and threatened suicide 3 times bc it seemed like the only way out and gotten VERY close to being put in protective care more than a dozen times would you like to continue trying to gain pity bc i can add
3,severe,"Sure I still feel and am severely depressed and at times I still wish I was dead, but when my head isn't yelling at me with bad thoughts, I find a silver lining in the storm. A lining that shines some sort of hope &amp;  some tiny sliver of happiness that doesn't want to actually die"
3,severe,Hoping your story will take me off the path of self destruction. Be proud of who you are and what your doing. Thank you.
3,severe,"My life is running faster I'm out of money, I'm out of hope, It looks like self destruction Well how much more can we take, With all of this corruption🎶  https://t.co/x0zQ7M0LJN"
3,severe,"I've been in the doldrums of depression a lot in my life. Suicide attempt once, taken to mental hospitals to prevent suicide, that sort of thing. You feel most down when you need to change something. You tend to give in and change it eventually."
3,severe,I am gonna say I am so sick and tired of feeling so hopeless and depressed.
3,severe,"All the panic, depression, the hurt and regret. Lying to myself “I don’t think of death.”"
3,severe,"Honestly I just feel like a total nihilistic doomer piece of shit... I hate life, I hate the world, I just feel like I hate everything. I'm perpetually depressed, I feel like absolutely nothing at all matters."
3,severe,Which website you watch real gore like the cartel be headings and flaying watch funky town gore again to release my depression of killing my self then see how it hurts to be dead then alive
3,severe,"I am currently under medication (SSRI) to treat clinical depression, and I have had experiences with suicide. Your perspective is utterly irrelvant to me if you use it as a foundation to say that someone else is faking their suicide, because you need evidences to make that point."
3,severe,"If I ever commit suicide, don’t ever think it was the bullet or noose or the pills that killed me. Know it was the crippling depression, the debilitating anxiety, the years of fighting demons that few others ever saw and eventually losing those hard fought battles that did it."
3,severe,I have battled with depression for over 40 years. Pro wrestling saved me from suicide. I have met so many wonderful wrestlers who have treated me with such respect especially  . It was great to see one of my all time fav  in the video
3,severe,life's the worst. i want everything to end. im so exhausted.
3,severe,"World mental health day always brings up some s*** to the surface. In 2018, I fell into a deep deep depression which nearly took me out had it it not been for . To anyone suffering please seek help 💝🙏"
3,severe,I am so done and exhausted with life rn
3,severe,I  have no reason to live. I'm going to hurt someone .
3,severe,Omg I have ss in 12h and everything you said I FELT. I live in my own dream world basically 24/7 and when I come back to the real world I get depressed to the point where I wish I was dead (so dramatic) I even isolate myself just to stay in my dream world
3,severe,I'm also depressed and have very low self-esteem and also anxious attachment/abandonment issues so I'm one hell of a girl to deal with
3,severe,i have felt depression for 4/5 years now.. i felt that it was becoming serious earlier this year in 2021.. around march or so.. i cant sleep.. when i'm not doing anything all i think is hurting myself or sometimes suicide..
3,severe,I  want to die. I'm going to hurt someone .
3,severe,"cw: suicide, depression  I get ECTs when the depression really hits. Every 2 to 3 years. It's always at the end of months of suffering with a high risk for suicide.  I'd let them implant a mini ECT in my head, so I save myself the pain and wasted time, in a heartbeat."
3,severe,"Everyday I feel like I’m going to lose my mind bc of the torture, torment, abuse, oppression, pain &amp; suffering. I feel so angry, depressed, frustrated, &amp; helpless."
3,severe,I Ignore everyone and Stay silent without any interaction . And I think I have gotten better with the 'fake happiness' thing  lmao that sounds so dramatic but n e ways.i have had thoughts of self-harm but I just never thought much of it. Am I sui*id*l ? Maybe I am depressed .
3,severe,I'm so fed up and depressed so i want to suicide. My country is not stable and we are suffering here. Please help me
3,severe,My face just doesn’t wanna heal from whatever the fuck is making it freak out and I’m so exhausted so I’m gonna drown my sorrows in a bottle of wine. Maybe even two bottles. Fuck my liver. I wanna die.
3,severe,they very much only believe depressed people are adults that r seen as normal but kill themselves n I find that so fucking stupid like yes I am suicidal n depressed but some depressed people aren't suicidal?? like u'd think after both my hospitalisations they'd care but whatever
3,severe,"It's fucking ironic that an anti-depressant has 'suicidal thoughts' as a side effect. Depressed people (like me) be like, I think I'm doing that a fucking good job myself. Thanks."
3,severe,"After 12 months of a total shitshow regarding my mental health with suicide attempts, horrible depression &amp; hospital visits I have seen a psychiatrist &amp; officially been diagnosed with ADHD. It feels like a weight has been lifted &amp; I understand myself finally."
3,severe,"Finally out of a long 2 year battle with depression. Thought about suicide more than 100 times, so u see next year nobody can kill my shine. Me dead already and come back..."
3,severe,Yea im depressed and hate my life because of a sexual experience i had years ago. You got me
3,severe,why do i go from completely immobile and suicidally depressed to up and doing the things I've avoided for months over the course of 48 hours. cursed brain
3,severe,i am so exhausted currently i cannot possibly be actually tweeting this i feel like a hallucination
3,severe,😂😂😂😂😂 I love it there I’m so depressed! I wish it was 11:11 so I could say God please 😂😂😂🤦🏽‍♀️
3,severe,"bruh  not to be super mentally ill on main but i got depression, an eating disorder (im failing at), and wanna be dead lmao"
3,severe,"Thanks. Just understand that not everybody has the same beliefs. I don’t share those beliefs. Besides, why would anybody like me who’s contemplating suicide decide to do a complete 180 and call the magic happiness number and not just listen to themselves and do it already? Idk..."
3,severe,Wondered why i been feeling depressed w slightly suicidal thoughts now i know why 😡🖕🏽
3,severe,"I have been failing at school because all l think about is free youngboy,my GF left me cause l was too depressed 😔, l am considering suicide 😔if they don't do something l will have to sacrifice my life for the cause of youngboy..."
3,severe," ""The origins story"" is me now. Suffering with thoughts of suicide, anxiety and depression. Off on the sick for the past year, can't bear to leave the house. Angry all the time. I just want to be me again, being a fun person for my family because at the min I'm so miserable."
3,severe,All of the lockdown the UK had last year (March-September 2020). I became severely depressed and almost attempted suicide
3,severe,I'll take the massive relief from my major depression since starting along with the few effects I dislike over waking up wanting to be dead every day
3,severe,i hate being depressed!!!!!! i hate feeling out of place!!!!!! i hate questioning all my actions and how i think!!!!! i hate it i hate it i hate it
3,severe,sorry i ghosted u i was depressed &amp; wanted to kill myself but i’m horny now so wyd??
3,severe,"I turned 10 in November of 87, so I finished grade 4 in June, got glasses for the 1st time in the summer, and when I entered grade 5 in September my ""girlfriend"" dumped me because I was a ""nerd"". That started my (so far) 34 year battle with depression. 1st suicide attempt at Xmas"
3,severe,As a person with depression and a suicidal thoughts I don’t give a fuck and I don’t identify with someone who supported a state that is performing the ethnic cleansing of Palestinians.
3,severe,"My memories keep showing me how 1 year ago I was in unhealthy friendships, stuck in toxic patterns of self destruction, overweight,  depressed,  &amp; headed for disaster. A reminder: that person who appears to be having the time of her life, may just be teetering on the edge. 💔 💕"
3,severe,"If anyone can help me with $450. I'm taking some time off to heal from depression, anxiety and thoughts of suicide. Going to go see the boyfriend for a couple of days and need a rental car and things. Please cashapp $mda1580 or venmo Matthewabbott40"
3,severe,Feeling so depressed and suicidal AND I’m having a panic attack because of my batshit crazy ex.
3,severe,I am sick of being so depressed all the time. What is even the point of being alive if I’m miserable? Like make it make sense. Im just ready to leave
3,severe,"Trying to kill my anxiety, depression and overthinking before they kill me."
3,severe,I fumbled hard. Super hard. This depression is killing me. My anxiety is killing me. I wanted to be happy. I just can’t. Why can’t I just be happy without something bad happening bro. I had something I had it and I lost it and this hurts so much. I couldn’t stop crying last night
3,severe,my therapist was asking me about depression symptoms (yk the ones they always ask) and she mentioned negative thoughts but I still did not tell her about my suicidal thoughts
3,severe,i plan on committing suicide today or tommorrow. need painless tips please.
3,severe,"After trauma, i fear death imensely.  But being depressed makes me push to it and so much more.       I am tempted to do all."
3,severe,Sir I am very depressed I just want to commit suicide but I have a 4 year old daughter so I can't commit suicide. Please help me sir 🙏🏼🙏🏼🙏🏼
3,severe,"27-07-2021 This marks the end of my journey. A journey worst than death. The year 2018-2021 were the worst years of my life. I went through abuse,character assassination,depression, bullying suicidal thoughts, self destruction family issues and much more."
3,severe,"Similar to the idea of Yin and Yang, I had made this dark side of me and I hated it... I became so depressed that my family noticed I stopped talking a lot as a kid I closed myself up and became that perfect kid for EVERYONE, I was hurting myself bc I h8ed myself bc of OTHERS"
3,severe,"My point is that at that time in my life, the only option I saw to end my misery was suicide. I thought that If I was dead, I wouldn’t be in so much pain, I wouldn’t have to worry about depression or anxiety anymore. Debt wouldn’t matter , school wouldn’t matter."
3,severe,"Sorry 😞 I know what this feels like lost 23 of my best friends in combat… as well as suicide coming back home… depression does suck, but we can do this"
3,severe,I’ve been thinking about suicide more and more often… I don’t want to. I don’t want to cause that trauma on my kid. But it’s hard… I’ve been suffering from depression for almost 15 years… it’s a daily battle… I’m tired
2,moderate,"They torment us so much. I legit end up panicking,I used to drink like a fish just to avoid them. I used to fear my own thoughts. Depression is dark"
1,mild,"Dear happiness, please come back to me, I’m tired ."
