label,class,tweet_text
0,non-ironic,I literally get to pamper myself all day tomorrow and get cray with Julia and Raven in the Bay. #whatmorecouldaguyaskfor
0,non-ironic,@mel78carey I'm not a Lohan anymore :grinning_face_with_smiling_eyes: detox now for 4 weeks new me! 1 week tomorrow :face_throwing_a_kiss:
0,non-ironic,stl.You Will Never Win Again RT @viggie_kopite: New Manager? New Striker? New Transfer Committee? (cont) http://t.co/vQkvIx4eNX
0,non-ironic,Tonight's family bonding presents a dark quite house playing Marco Polo with a side of nerf guns #lovemyfam
0,non-ironic,All I wanted was to see you
0,non-ironic,@TMobileHelp Why does a iPhone purchased at full-price still need a mobile device unlock code to work internationally?  #uncarrier
0,non-ironic,Backs killing me today :grimacing_face: #tramadol
0,non-ironic,"@Parlett316 that's where you are wrong, I can just watch his films and not follow him on Twitter."
0,non-ironic,@Rockprincess818 @texasfreedom101 Progressive socialism & liberalism must push the victim hood idea in order to continue.
0,non-ironic,The last Twolves game I was jacked for was right after the lockout in 2011 vs. OKC (Rubio's 1st game)... I wonder if I when I will again?
0,non-ironic,Merry Christmas @Battlefield @leveluptime @dirtydeathdog @zachulon @covernode @YaraTwit @VisceralGames XD Thanks for making #BFHardline ^_^
0,non-ironic,Why do I have to have a good game then a bad game and then a good game then a bad game again. :expressionless_face::pouting_face:
0,non-ironic,Wish I was still in bed with @BlakeNath :growing_heart:#ICouldSleepForeverRightNow :pistol::disappointed_face:
0,non-ironic,"By @imjayded_ "":fire::fire::fire:@dipmag Gears up to release its next issue:soon_with_rightwards_arrow_above: 'Wifey Series' with #covermodels... http://t.co/DQrKfjmYvL"
0,non-ironic,"@wilw you didn't make enough of a blót to Ullr (God of Hunting, Skiing, and I assume hockey)."
0,non-ironic,"@_Kayy_T Be more narrow with that knife, you might just find the target to answer that. -Sarcastic."
0,non-ironic,I had the best New Years!!!! Spent it with the people I love & I fucking loved it! :smiling_face_with_heart-shaped_eyes: Such a happy camper right now! :face_with_stuck-out_tongue_and_tightly-closed_eyes::green_heart::heavy_black_heart:️
0,non-ironic,Insanity is doing the same thing twice and expecting different results
0,non-ironic,@MyzzCryz anytime! Cash is acceptable every where. And can be used toward whatever they want/need.
0,non-ironic,Vacations...re:Imagined...re:Engineered...re:Born @TripSifu...coming soon. Signup to gain access to our beta. http://t.co/0N7BRXRkcd
0,non-ironic,Why does Zayn look like a Spanish flamingo dancer
0,non-ironic,Affiliate Marketing blog post on the way but in the meantime some tips from the experts: http://t.co/cvfgpgHzEb #howitworks #marketingnewbie
0,non-ironic,Can someone please tell me where the video is?
0,non-ironic,Like Tyndall's system I just think Robert Hubbs should play more he gives us another scorer and a consistent 3pt shooter that our O needs
0,non-ironic,Ummm can I please have @KipMooreMusic for Christmas?! Dang he looks great tonight. Why did I not go to this thing tonight?
0,non-ironic,@ErrolNazareth @SEvangeline @ShakuraSaida That is fine company!
0,non-ironic,Uh-oh. Better head for the hills. #storm #clouds #seekshelter http://t.co/CXJ6XIcoyS
0,non-ironic,@mediumvillain @deray blacks aren't elite enough to die in hospitals remember? That's only reserved for when police are in casualties...
0,non-ironic,Hafeez's slider is TOO much of a mess. Bowling it from 'back-of-the-palm' & that too at ~90kph require EXTENSION http://t.co/KiGLPZY876
0,non-ironic,#40 #Corner #Cute #Day #Expensive #diy #crafts|Please RT: http://t.co/6sNBFNIirz http://t.co/JhxnPzuvhD
0,non-ironic,Need a two hour long hug insecure
0,non-ironic,"My dad would have a shotgun ready|""My dad would offer him a beer""|""My dad would ask him to join his clan""|:face_with_tears_of_joy: @rannimarti @Hartswormx3"
0,non-ironic,@mike_mcgrail You are going to have to explain?
0,non-ironic,Festive #ff to @titaniumaccount @RightmoveAddict @aroundthehouses @BCTLC @TheJamHouse @IAB_Bham @BrumChamber @jackiedeburca @Brumstew
0,non-ironic,#DIY. Change your #MobileCover every day now. Enjoy! http://t.co/FbDDXMien9
0,non-ironic,@xvictorialeighx @annagmorey what the hell ever.
0,non-ironic,@adambelz @lee_osp @Vruno is this your first visit to a comment section?
0,non-ironic,@nytimes @NYTNow #Dirt  its not your country!
0,non-ironic,"@RachelReevesMP @WOWpetition ,. #coalition fit for purpose.#Labour can and will sort it."
0,non-ironic,"Company profile NOT TWINS VENTURES, LLC - http://t.co/b75EgvMfU7   #TWINS #VENTURES, #LLC"
0,non-ironic,"@SportsCenter #SC3stars CARDALE JONES. Third string QB, Big10 Champion and MVP."
0,non-ironic,"oh, and lets not forget this @RBRNetwork1 @HotNostrilsrFun @Graves9 @OrionSLU @directRhythm http://t.co/9LQkpAHsNj"
0,non-ironic,"@LadySandersfarm: @intreeg_me It did get yo lazy butt outta bed, didn't it now. Thanks for proving my point!"
0,non-ironic,"you dont, fish and mammals have nothing in common @1kenwilson24 @brownbearmike1 @HotNostrilsrFun @Rapmonster"
0,non-ironic,Yay for days off. #coffee #HarryPotter #christmasbreak #morning http://t.co/m93j3n7SYC
0,non-ironic,Isn't the point to learn how to craft our own reality? What am I missing here? Should we not be different?   #wat?http://t.co/6r8ZnKS31F
0,non-ironic,Good morning hank its saturday im starving
0,non-ironic,Here comes the universe. #TMLtalk #Leafs
0,non-ironic,@JakePlank24 do you not work at the dirty bird no more?
0,non-ironic,#nuffsaid  #stupidity #hadenough lols :face_with_tears_of_joy::smiling_face_with_open_mouth: http://t.co/0iSZ1ExuLn
0,non-ironic,Packers fans on Twitter are on full meltdown mode... R. E. L. A. X.
0,non-ironic,I literally have plans every night my entire vacation.
0,non-ironic,"@JHill_Official @brianfriedman @OK_Magazine outta the boardroom, I to the partay!! #luvvit"
0,non-ironic,Each snooze button is more tempting than the last :sleeping_face::squared_sos:
0,non-ironic,#notcies #eu Foreign Affairs Committee MEPs to discuss Lebanon with prime minister http://t.co/vO8qmlP1Gv
0,non-ironic,"Come on, it's lovely weather for a sleigh ride together with ewe. http://t.co/CePrvYqLGc"
0,non-ironic,And here we gooooo.....LOL #calledit #bandwagon #Houseisafeeling #EDUCATE yourself kids https://t.co/HP0JtlpfYQ http://t.co/rGkVlsM9JN
0,non-ironic,"@meestah_sahmon: Never ending, pointless, no cunt wins, tit for tat. Zero accountability and hunners of finger pointing. "
0,non-ironic,What do you call a Chinese millionaire?
0,non-ironic,YOU blame him for everything else @RBRNetwork1 @1_Free_Man @TheLexZane @Anan_VII @ABPT_Rocket @DrPenisWrinkle @kusun0
0,non-ironic,I would have made a much more convincing Bella Swan.
0,non-ironic,I'm not going to survive today w/o breaking down in tears at least twice and possibly passing out. All nighter @the library was a bad idea.
0,non-ironic,@salgovernale I know it was you Fredo. You broke my heart!
0,non-ironic,"Off in to town to get a bday prezzy, how rude to have a birthday in Xmas week #BusyBee"
0,non-ironic,NEW #HipHop MUSIC:> @Flows201 - Crack Music: http://t.co/PQmUEmlJUf #JerseyCity #NJ #NY #BirthOfAWinner
0,non-ironic,@iwannawant2 @billisFPS yeah this happens to me every time I want to like a video :(
0,non-ironic,"When someone on a conference call talks about ""housekeeping items"". Grrr."
0,non-ironic,My dad's such a big kid on Christmas morning waking everyone up so bloody early
0,non-ironic,Please dont fuck with me when I first wake up a morning person!
0,non-ironic,@PolicyMic Scream this message: We want the security footage!!! #AntonioMartin #Ferguson #EndRacism #SocialJustice #BlackLivesMatter
0,non-ironic,"yup, amazing how that is, isnt it? @AcePraline @TheLexZane @Eppic_Barz"
0,non-ironic,@tellychakkar: Vote-Who is the most underrated actor? http://t.co/9OC9BuNaeD http://t.co/ueDA2ETs6W#tink jimmy#oters  got ter fame im
0,non-ironic,Drudgery personified #commuterprobs #northernline #tfl http://t.co/saDbKdqISx
0,non-ironic,Nobody can deny this. #career #gita such a #profound word. http://t.co/tdBpLsXSN4
0,non-ironic,Happy New Year all my Twitter people. Hope you have a happy and successful 2015! Lots of love :face_throwing_a_kiss: #2015season #2014sucks
0,non-ironic,@MagicalBlondess Psssst. You spelt 'thing'  wrong ||
0,non-ironic,#Libby #Lane #appointment: #Women #bishops #debate  #over: The appointment of the Reverend Libby Lane as the... http://t.co/YOj9HVUa8n
0,non-ironic,> Knowledge itself doesn't mean a person is qualified to represent a religion if * his/her humanity (& sanity) is absent.
0,non-ironic,@superaielman @Parlett316 the upper deck definitely seemed like Philly South.
0,non-ironic,"I'll tell you what, those CEACCP books make a cracking bonfire, don't they? #frca #freedom"
0,non-ironic,"My grandma tells me she made raviolis to eat.. You know I yelled back ""fuck you I don't want no ravioli nigga!!!"""
0,non-ironic,Why does my tongue feel it necessary to try and touch the high speed tool my dentist has put in my mouth?
0,non-ironic,I really really want apple pie boilo
0,non-ironic,"On page 35 of 357 of Hogfather, by Terry Pratchett http://t.co/k1u72J9FgF"
0,non-ironic,##to#our#countries#special#dedication#to#ma#Syrian#friends#you're#alone#instalisten#by#heart#voice# http://t.co/jOHtHVBKOw
0,non-ironic,NO PAİN- NO GAİN ! |#Fit #Fitness #gym |#No  #Give #Up :fisted_hand_sign::flexed_biceps: http://t.co/SUDpHIbdEZ
0,non-ironic,The ugly truth... #abuse  #enough #words http://t.co/F7ngPbF2yz
0,non-ironic,@f_fizzle did you get fat on your honeymoon?
0,non-ironic,A year ago this would be just a writing on a t-shirt  anymore all thanks to @SFSLacrosse @wwpinc #MerryXmas http://t.co/5cpSuJFkmX
0,non-ironic,You know you love an author when you figure out how a book ends long before it does but can't wait to see how the author actually ends it
0,non-ironic,"@bayer04fussball draw, @s04 draw, @Everton going to lose, Pelle on my bench in fantasy, been a fucking shit night for me."
0,non-ironic,Gotta baps that hoe thou
0,non-ironic,why is there a hotdog on|http://t.co/2YQdPhfZKX???
0,non-ironic,Exactly 1 year ago today! (via @timehop) http://t.co/m9E3NSZDIk http://t.co/U2OpTFAd1w
0,non-ironic,#sup#twitter#sorry#i#talking#alot#so#i#thort#i#sould#just#say#hi
0,non-ironic,@loveeallyy I literally do not know
0,non-ironic,"FNC is likely either repeating the same stuff over & over, @jerryjizzum753 @TheLexZane @Gumlegs @1_Free_Man @Life_DLL @ABPT_Rocket @Anan_VII"
0,non-ironic,Who's eating everything on the table for Noche buena? :happy_person_raising_one_hand::happy_person_raising_one_hand::happy_person_raising_one_hand::happy_person_raising_one_hand::happy_person_raising_one_hand::happy_person_raising_one_hand::happy_person_raising_one_hand::happy_person_raising_one_hand::happy_person_raising_one_hand::happy_person_raising_one_hand::happy_person_raising_one_hand::happy_person_raising_one_hand::happy_person_raising_one_hand::happy_person_raising_one_hand::happy_person_raising_one_hand::happy_person_raising_one_hand::happy_person_raising_one_hand::happy_person_raising_one_hand::happy_person_raising_one_hand::happy_person_raising_one_hand::happy_person_raising_one_hand::happy_person_raising_one_hand:
0,non-ironic,@Arlo2121 ugh... painful for sure. can't win em all I spose... but you shouldn't ever look like that.
0,non-ironic,"@richdiced yup, more is definitely MORE! #fosho #merrycuteness"
0,non-ironic,@johnmcternan @theSNP in the paper that supported the blackshirts.
0,non-ironic,Ariana Grandes makeup is always sooo flawless :speak-no-evil_monkey:
0,non-ironic,Harry's literally such a good person it hurts my heart BYE #InternationalHarryStylesDay
0,non-ironic,"EXO COMING SOON 2015||Better pray this is better with 10 members *sighs* But either way, obssessed fans would still be obssesed ._."
0,non-ironic,@Will_UK @bluebellgray it's like you're in the Maldives #seaandwhitesands
0,non-ironic,Hahaha! @jamieyuccas enjoying the #selfiestick I got her for Christmas! http://t.co/2aNmDutKtX
0,non-ironic,@ChancelleM have you heard back yet?!
0,non-ironic,"Rodgers needs to go man , didn't think I would ever say it but he has bought some shit players there  #good #enough"
0,non-ironic,"Selfish, narcissistic. Only the woman matters. Child doesn't matter. Father doesn't matter. No one else matters.|http://t.co/1olMSFOTd7"
0,non-ironic,@DarkNetNews @Bipartisanism But it's not a time capsule! It' current in time
0,non-ironic,#finalsweekgotmelike Ugh. Make it stop. #finals #finalsweek #EWU http://t.co/eYYoDV2aNV
0,non-ironic,"I'm okay with snow, but sleet #howaboutno|:face_screaming_in_fear:"
0,non-ironic,@dariusporter68 Ohhhh yeaah the girl from your favorite couple wants me to come hang with her lol BRUH wtf is this lol
0,non-ironic,#Italy -- #Cabinet #approves #first #planks of #Renzi's #labour #reform. http://t.co/IYhgKBCoks via @reuters
0,non-ironic,Church sign of the day: How would you feel if we celebrated your birthday without you? :speak-no-evil_monkey: #StoleEm #TheReasonForTheSeason
0,non-ironic,#MerryChristmas to each and every one of you lovely lot! #PeaceOnEarth X
0,non-ironic,Never has an #Australia been more dependant on govt money than we are now #Sad #socialism #Unrealistic PEOPLE we spend more than we earn...
0,non-ironic,@Parlett316 still out w/ back sprain?
0,non-ironic,2 and half hour walk #Proud
0,non-ironic,Time to look at my Golden Girls all nite:grinning_face_with_smiling_eyes:#love this show
0,non-ironic,Solid leg day :flexed_biceps: felt great and hit my max for 2. Can't wait to squat 315!
0,non-ironic,"@jodalatour @FoxNews GOP loves immigration. They don't like illegal border crossers, illegal Presidential action and ignoring Constitution."
0,non-ironic,I would LOVE to touch an anaconda! Jump on that thang and ride it like a horse! #EatenAlive
0,non-ironic,@iamgiant would wear this #proudly... size #NZ hahaha
0,non-ironic,It's freezing out there & very hazy .... Just want to go home.
0,non-ironic,"@TedSkibinski @RedState @PamelaJaneVP Maybe they are going to jump in and land on something that is technically not ""the ground"". ;)"
0,non-ironic,#WTF is happening to these kids??? Are you kidding me with this?? #insulting #KnowYourHistory #WhoIsPaulMcCartney http://t.co/1tjgEdxm0k
0,non-ironic,"@knotaprettygirl man, there is too much  in this tweet."
0,non-ironic,I fucked them really badly :face_with_tears_of_joy::face_with_tears_of_joy::face_with_tears_of_joy:|#AdvancedWarfare http://t.co/FKJaZVk943
0,non-ironic,A deal was negotiated between @Metrolinx & GTAA. That deal was is hidden & built into the pricing of #UPX tix. Why all the secrecy? #TOpoli
0,non-ironic,There are two things that need to better. Drafting and the players work ethic. That's it.
0,non-ironic,Blackpool today for an interview.  the weather for the beach
0,non-ironic,"@VeIvetRose @PG1888  of course, Not!"
0,non-ironic,It's currently Fair and 4℃ outside.
0,non-ironic,"somebody wake me up early tomorrow ive been facing weird aches in my back since early december .,. and why do u think that relates madaka"
0,non-ironic,If you gon' judge people who drink and blaze FOH Go choke on some foreskin
0,non-ironic,"If this is love i don't wanna be loved , You pollute the room with your filthy tongue  #getscared"
0,non-ironic,Riding the distraction train. ||CHOO CHOO
0,non-ironic,I messed up today guys. I thought about work. D: #fail #itsabovemypaygradetocare #stillcare #lesigh
0,non-ironic,My prayers have been answered WE OUT
0,non-ironic,it was  RT @bobthegreatooo @mikewickett how is that a spoiler alert?  Haven't so called 'experts' predicted him as being the winner?
0,non-ironic,@muellnerpaul @jamieyuccas @KimJohnsonWCCO @KylieBearseWX don't forget @Ali_Lucia and @AshleyRobertsTV (they're as smart & kind as lovely)
0,non-ironic,#bibotour & #champwithin founder @traciscampbell on @WCIU_YouAndMe w/dancers Ricky & Gracey #chicago #women
0,non-ironic,Count Pushkin to End this fvckin night smh
0,non-ironic,Bday lily painting for @laryssam27 :purple_heart: http://t.co/IAzvrBec91
0,non-ironic,Why are babies constantly sick everywhere. It's like why can't u just keep the food you eat in ur belly and  #on #the #floor
0,non-ironic,"Amen :person_with_folded_hands: .... I love this! If you didn't plan, then it's your problem :face_with_stuck-out_tongue_and_winking_eye: #truth  emergency @ Pearl... http://t.co/pg2o4SgFwj"
0,non-ironic,@di_mac1 Sorry butt
0,non-ironic,"Just in case anyone was wondering, Veni Vidi Vici in Spanish is Vine Vi Vencí #studybreaks #UMDFinalsWeek"
0,non-ironic,Last day in #Riga! #self #finnishgirl #businesswoman  @ PK Riga Hotel http://t.co/3Svv5QciFq
0,non-ironic,Produce all kinds of Creative Designs #like15| http://t.co/OXeuznMhY8 http://t.co/w4eZ9mObFJ
0,non-ironic,@TeamWadiCamacho @wadicamacho Even better let's see if Wadi Camacho man's up and fights @JamieOneball
0,non-ironic,Home finally! What a way to start the christmas break!!! :thumbs_up_sign::ok_hand_sign:
0,non-ironic,@GetsThruBuckner no shit..it's called
0,non-ironic,Going to my class #fuckyou important
0,non-ironic,@malesurvivor72 I think it's a safe bet it won't fit the crime.
0,non-ironic,Knock knock #sketchy #dignity #smile #funtimes #brotherskeeper #whosonfirst #holiday #shenanigans... http://t.co/JFPPE1PMsP
0,non-ironic,@TharaAzzam explains why Inter went all Calciopoli over Juventus...
0,non-ironic,@TBLightningFeed @RawCharge I sure hope ev1 vaccinations are up to date! #GoBolts @BoltsByTheBay @TBLightning @ThunderBugTBL
0,non-ironic,"#ECB #pondering #how #best #to #act,  #whether ...: ECB pondering how best to act, not whether ... Reuters – 19... http://t.co/ve282x8yGy"
0,non-ironic,Twitter Keeps Insisting I Follow Someone Who I Rather  . . :confused_face:
0,non-ironic,#MY #Husband is  your concern #StopTxtnHim its #NotOk #youknowwhoyouare!!!
0,non-ironic,#Palestinian #Authority -- #Abbas #trades #stalemate for #confrontation in #ICC #move. http://t.co/rDKOFf0s39 via @reuters
0,non-ironic,http://t.co/QLzEP7GbWJ #FLOOD OF #NOAH #HovindTheory #ICEAGE #Bible #Church #Christians #Jews #tcot #... http://t.co/VKqZgYGo2O
0,non-ironic,"@_XenaaSkky I.e., strength in numbers, focused movement, appeal to other countries, use pens and paper, change the way we live drastically."
0,non-ironic,@aadashusain to you too. :) :thumbs_up_sign:
0,non-ironic,The things I see in Bath & Body Works #WorstOutfit  Cute #WTF http://t.co/IDqkQmBveA
0,non-ironic,"@dirtydeathdog ok thanks,one more question: does a Computer Scientist take the same salary as a Computer Communication Engineer?"
0,non-ironic,@dirtydeathdog @PillzSufrie @billisFPS @BFDaily yeah they look like plastic :/
0,non-ironic,@m1897 haha I also had 2... cheers bro !!!
0,non-ironic,review
0,non-ironic,http://t.co/NA81q6lLGp #SchoolSystem Update #Textbook Lies to support #Evolution theory. #Tco... http://t.co/UERNS7uCoM
0,non-ironic,"@Fit_Motivator: I learned that if you want to make it bad enough, no matter how bad it is, you can make it. -Gale Sayers  #Wise"
0,non-ironic,"Ceeeeebz work, allow dat ting fam"
0,non-ironic,In desperate need of training partner(s) with the knowledge and insight of the infamous @StevePulcinella. Candidates apply within.
0,non-ironic,"@jonmorosi It took 4-5 hours but in the end, Morosi was right and Nightengale's sources were wrong."
0,non-ironic,Photo: Abstract Tribal Bubble Jumpsuit Size: s-xl Cost:$39.99 http://t.co/cj8njWXwNu
0,non-ironic,@goodgary99 @Neilby70 @ParkzTheDon @TonyBrown03 @GazTheGooner84 @LosDaGooner mmmm :face_with_tears_of_joy::face_with_tears_of_joy::face_with_tears_of_joy:
0,non-ironic,Over on CBS at noon is #BALvsMIA. FOX has #SEAvsPHI after the #Saints. #NFL
0,non-ironic,"Like @TheOnion? Visit http://t.co/HJRCAwTQ6x for  articles and also win a free puppy!! 1 puppy per visit, 6 puppy maximum #ATL"
0,non-ironic,Coming to the conclusion that Apple IS Skynet #terminator #apocalypseiscoming #warofthemachines
0,non-ironic,I really need to get my nails and eyebrows done tomorrow :grinning_face_with_smiling_eyes: been slacking on that  #cool :nail_polish::face_with_no_good_gesture::information_desk_person:
0,non-ironic,girl#beautiful#short#nose#tall#but#toshort#selfieeee <3:* http://t.co/90Itgrq4bh
0,non-ironic,"Can we trade McCain? Biden helps Republicans more than McCain. In any other time, McCain would be a Democrat. | http://t.co/SitsHhM6W2"
0,non-ironic,@TroyRenck Why? He has draft pick compensation tied to his name and is only six months younger.
0,non-ironic,Horses are just hornless unicorns :O ||#enlightened #mystical #wow  #on #drugs
0,non-ironic,@ajb_16 shouldn't you's be in school??
0,non-ironic,"If #PMHarper gets reelected, these r the possibilities: he & #CPC cheated (again); #Canada has a collective #StockholmSyndrome; we're doomed"
0,non-ironic,@talkhoops Pierce had 34. What's wrong with 36?
0,non-ironic,@DollyGarland @garrettaddison: Thats quite an interesting number coz I managed to read only 17 but i will surely make it in #2015.
0,non-ironic,"wait for it ""city-data"" will become a Fox News site soon @TheOldBreed1775 @RBRNetwork1 @Dolphin__Man @Joseph_WarrenDR"
0,non-ironic,"@anna_krystyna: "" It's the freshman semester of my first year..."" #ohanya #finalsamiright"
0,non-ironic,I'm ready for @kongosmusic's first headlining tour of North America! Tickets/info at http://t.co/Nyq2fYa8kI #lunatic2015
0,non-ironic,I hope I could recover from fever today. I need to start with strama..
0,non-ironic,@IAmGiantArmy #me and #change were not friends I still need #time
0,non-ironic,"Sunset for January 04, 2015 at 04:39PM! Temperatures: 6℃. It's Partly Cloudy."
0,non-ironic,@lavina_khatwani @Vh1Supersonic is giving you a chance to win 10 #GoSupersonic #Goa passes. Follow them for more details. |#SuperDayLineup
0,non-ironic,Bmw i8 sexy az hell but too slow for the dinero 12.4 in the quarter mile slow #fan of the design feeling the... http://t.co/DELfxN0BpI
0,non-ironic,A #Meme for your #Monday! #MemeMonday #Obama #Obamacare #AcidReflux  #StandUpShot #JokeoftheDay #Comedy http://t.co/C67x0Iq4CT
0,non-ironic,@WiseMissKay: Sometimes you have to forget what you feel and remember what you deserve.
1,ironic-by-clash,"Thanks mom for all those lovely words, you just love to let me know how proud you are of me | #wordshurt"
1,ironic-by-clash,I just love it when my knee clicks :smiling_face_with_open_mouth_and_smiling_eyes:  :unamused_face:
1,ironic-by-clash,Well my mornings going very nicely:smiling_face_with_smiling_eyes:
1,ironic-by-clash,At one point i almost believed that the law of attraction was effective. !
1,ironic-by-clash,@SouthamptonFC @LFC @SkySports Again fans come second. Thanks again
1,ironic-by-clash,"@Darhino_ @joystiq sure! ""wow, Nintendo has achieved what Sony already did years ago"" "
1,ironic-by-clash,i just loove when my guy friends give me thorough descriptions of their bowel movements...  #WHY #STOPTHIS
1,ironic-by-clash,Blowing your nose so hard your ears pop is the greatest way to start a Wednesday.
1,ironic-by-clash,Oh how I love this  http://t.co/UWqFZJdlkv
1,ironic-by-clash,"No need to act like I'm the fav child, I know this already. "
1,ironic-by-clash,I love how sometimes I am skipped over so the greeting replies are just towards Odin but not me.
1,ironic-by-clash,"Breaking news!  RT @liverpool: Mario Balotelli isn't a team player, according to Adel Taarabt http://t.co/UB48QVWkEE"
1,ironic-by-clash,Looking forward to doing my 4 page essay tonight :face_savouring_delicious_food: seems like fun
1,ironic-by-clash,@Katerintree obvi because every Jesuit is a heretic  :information_desk_person:
1,ironic-by-clash,Imma kill all you SOBs! Jk #lol  #RedEye
1,ironic-by-clash,Today is awesome!
1,ironic-by-clash,"Preparing some sample answers for the rehearsal exam qs for Digital Media with Google Drive, I'm so technologically advanced.. "
1,ironic-by-clash,father sent me down to buy ingredients cos he wanna fry some noodles up i remembered everything else but the noodles #somuchwin
1,ironic-by-clash,"@ChloeLaylaa the hostel is fine actually but I've probs caught like 1000 germs walking around London, thanks for wishing me better "
1,ironic-by-clash,Watching Christmas movies alone is like so much fun.
1,ironic-by-clash,Soccer game should be fun today...:face_with_tears_of_joy::face_with_tears_of_joy:
1,ironic-by-clash,@bdstratton @csimps0n well aren't you the brightest bulb in the chandelier?
1,ironic-by-clash,Glad there's not a typhoon where we go on holiday in 4 weeks.  #fml
1,ironic-by-clash,"@carlytyler @greateranglia let's face it, at the mo there's delays on any day ending in a y! #valueformoneynot "
1,ironic-by-clash,@brad_deere it's been over a year since you tweeted. #DoinItRight  #MaybeNextYear #NewYearsResolution
1,ironic-by-clash,@RealAlexJones but they put it in soaps and shampoo! It's healthy!
1,ironic-by-clash,"Dear () #Spain's gov and Catalan Police, congrats you managed to accomplish the impossible: Go even lower than #Greece #OperaciónPandora"
1,ironic-by-clash,"With dropping oil prices, thank goodness #PMHarper has worked so hard trying to tie our economy to the oil & gas sector.  #cdnpoli"
1,ironic-by-clash,@ShotofPatron #NoodleScene anyone? He was so zen there. . Oh! wait! But #deadHenry and #bouncebackAnnie. Silly me! All makes sense now!
1,ironic-by-clash,@maryeags everyone just wants to be you your just sooooo cool
1,ironic-by-clash,Fun night with these girls. It may look like we are eating dessert but its just for show ... http://t.co/cOG9RANpdr
1,ironic-by-clash,SEC crew doing some quality officiating in the penn state game. . How do you miss that terrible block in the back?
1,ironic-by-clash,NYPD blog: http://t.co/TJP2KAP9du  Don't you feel safe and protected?  #ICantBreathe
1,ironic-by-clash,.@NSRoadsPolicing @StEdsPolice oh look an Audi driver breaking the law...how strange
1,ironic-by-clash,People who lie to me really help with my trust issues  #twittereantaboutlife
1,ironic-by-clash,@nytimes oh so someone got in trouble for making fun of the people who behead innocent people...nice
1,ironic-by-clash,"@leannrimes yep, the family of #EricGarner is feeling really joyful right now...  #BlackLivesMatter #ShutItDown"
1,ironic-by-clash,It's super duper fun waking up and immediately shoveling your car out of your driveway for 20 minutes  #fuckinsnow
1,ironic-by-clash,@nasa ooh I can probably watch a replay or the #orion launch at some point? Oh wonderful. That's sooo exciting  #nothanks
1,ironic-by-clash,@Bungie @DestinyTheGame thanks for plan c two weeks in a row! Getting rid of exotic engrams is also an amazing move!
1,ironic-by-clash,supaaa sweet when you have finals in the AM and ya can't sleep.
1,ironic-by-clash,StephenFry: @FundieFunnies Oooh - busted by superior understanding ...! Crestfallen and shamed.  http://t.co/s10ep0Qsvv
1,ironic-by-clash,"@davidfarrellfaz LOL aye you're a funny fecker-;)  |And anytime Ironside, you fancy a wee race just let me know!!"
1,ironic-by-clash,"@MorganKIRO7 Those ""waves"" are epic!  He he"
1,ironic-by-clash,There's nothing more intimidating than having to serve an chavvy lanky 19 year old with acne and bum fluff.  #cringe
1,ironic-by-clash,There's nothing like almost rear-ending someone because they slam on brakes for no reason to get you alert and ready for an exam!!
1,ironic-by-clash,Thank goodness the holiday help at work is no more! I just love it when they think they know more than you  #annoyed #relieved #gone
1,ironic-by-clash,There was a point where the effort was coming in only one direction. I left and that there was a 180° change in direction
1,ironic-by-clash,What a good way to start the New Year..|
1,ironic-by-clash,@BOWTIEBOSS Ooooh only the 'economic' destruction of the country. Now that makes a world of a difference.
1,ironic-by-clash,Still awake sooo that's nice...
1,ironic-by-clash,I love working for an hour and not getting paid for it
1,ironic-by-clash,True  http://t.co/38hrutRf0r
1,ironic-by-clash,Someone had a great sense of humor  #TheyGaveMeTCUColorsForChristmas http://t.co/kUNO4OrUPA
1,ironic-by-clash,@ForexEric @HeidiL_RN @unsavoryagents YES! Vote for SATAN (@HillaryClinton) in 2016!!!!
1,ironic-by-clash,Love it when you can see people have read you facebook private message but they just don't reply
1,ironic-by-clash,Hit Them Angles And Duck Face To Hide Those Wrinkles ; ) #ThatsABossBitchRightThere . . . !!
1,ironic-by-clash,Lights went off at my school so now we trying to learn with one emergency light on in the classroom how great!
1,ironic-by-clash,"@BigKev67 @jennyah46 it's ok Kev, Gurney's bowling the next over "
1,ironic-by-clash,@Deggisfox that's totally obscure...
1,ironic-by-clash,@letote good thing we had enough #whitewine and #christmastrees to survive if needed. #chardsohard #fashion  ;)
1,ironic-by-clash,Love the trust i get from people :ok_hand_sign:
1,ironic-by-clash,Haha who the fuck says that to someone#TrueGentlemen
1,ironic-by-clash,"@Slate Personal protection, 2nd amendment. Nothing to see here.  #SMFH"
1,ironic-by-clash,I'm glad H & M has employed enough staff today.  #nohelp #terrible
1,ironic-by-clash,@BeingPerry you sound just like Jack Kerouac |
1,ironic-by-clash,Isn't it great to sleep 5 hours and feel like a million bucks?  #gettingold
1,ironic-by-clash,Our physics exam was quite fun...  #Prelim
1,ironic-by-clash,"@SamEdwards12 @FIH_Hockey Really?! This is absolutely below the belt, especially towards Tom Boon ... #DeepRespect ... "
1,ironic-by-clash,@HistoricalPics but it has to be fake!! Where are all the stars??
1,ironic-by-clash,Yay for no longer having a vehicle!  :pensive_face::disappointed_face:
1,ironic-by-clash,Nothing like the 24hr swing back to being a day walker to make you feel like a million bucks...  #shiftworkerlife
1,ironic-by-clash,"Russia says ruble crisis over as reserves dive, inflation climbs  http://t.co/KxvLkir1dB via @reuters"
1,ironic-by-clash,How did I miss that there was a Taken2?
1,ironic-by-clash,"If his Twitter account is any sign, then this book looks to be a must read  id rather read twilight http://t.co/HZDJZcEaOD"
1,ironic-by-clash,Last day in Naples with my Emma girl! :palm_tree::black_sun_with_rays:#soeasytotakeapicwithatoddler  #19wksandcounting... http://t.co/Xb43RmsXAj
1,ironic-by-clash,"@ABitOfBlossom @DVATW @LBC For having union representation for decades, teachers' pay still sucks and is shorted by dues. "
1,ironic-by-clash,@NewDay: .@JebBush considering a run for the @WhiteHouse: http://t.co/nq5JO2ZrQ6 #5Things http://t.co/HC74bNlZuT <shocking> <>
1,ironic-by-clash,It's a comforting thought:every tax payer will b reminded of #OCARE being rammed in2 law when answering questions on 2014 tax forms
1,ironic-by-clash,This is a great time for me not to be feeling well...  :unamused_face:
1,ironic-by-clash,Aren't you just loving the snow?  #Stockport  http://t.co/JhG0LxAun5
1,ironic-by-clash,i just loveee bein short and having my sweatpants go all the way under my feet its so fun... :pile_of_poo:
1,ironic-by-clash,Sat on yet another stationary @FGW train for 15 minutes with no explanation from the driver. Your service is just top drawer.
1,ironic-by-clash,Feeling like crap. And being treated horribly too. It's a great day.  #iwanttogohome
1,ironic-by-clash,Pretty much the real deal  #thanksmom http://t.co/IZoLRKldU4
1,ironic-by-clash,Love games during the week because I don't get to go to sleep until like 1!
1,ironic-by-clash,Stuck in the traffic at 7.55am. Yuppy -.-  #happytuesday
1,ironic-by-clash,i'm so funny
1,ironic-by-clash,"Dear Manila, I'm with your traffic twin - Bangkok! yahooo  @ Sirat Express way http://t.co/qdVpu9wZEc"
1,ironic-by-clash,I love cold winter days cause I never know when my car decides not to start :expressionless_face:
1,ironic-by-clash,My future? I still enjoy it (playing football) too much and I play with passion -Totti......oh no the team is doomed..... #asroma
1,ironic-by-clash," is that @GoodDaySac calling that show a train wreck.  Way to respect the guest, guys"
1,ironic-by-clash,"Facing Health Crises, India Slashes Healthcare http://t.co/StayhEk5O1 #GoodGovernance  #NaMo #GoGo #BureDin"
1,ironic-by-clash,Most useful algorithm I've learned in class so far is finding a substring by using the fast fourier transform
1,ironic-by-clash,I love when half the group is really committed and the other half just doesn't give a crap! #perfection
1,ironic-by-clash,@TheDamienSandow & @mikethemiz cut a promo then @KaneWWE states he's facing @WWEAdamRose oh yay!!
1,ironic-by-clash,Ay after 2 hours nareceive ko rin yung message haha thanks globe
1,ironic-by-clash,Losing the keys to your car before your have to drive yourself to the airport to catch a flight is awesome.
1,ironic-by-clash,Can't fck with you hoe an I'm sorry :open_hands_sign: :face_with_tears_of_joy:
1,ironic-by-clash,"Nice friendly drivers @Translink_NI ""never get on a bus with a £20 note mate"" what a way to make you feel welcome! "
1,ironic-by-clash,"Lucky I've finished all my coursework, revised super hard and feel super healthy. Two words...loving life. "
1,ironic-by-clash,Gotta love #EMC's latest feature on the VNX side.  http://t.co/tLA4ajIbAR
1,ironic-by-clash,@simon_orourke @RaLUFC To be fair he looks like he's lost a lot of weight since his amazingly successful halcyon Leeds' days!
1,ironic-by-clash,I love 14 hour shifts  :weary_face::weary_face::weary_face:
1,ironic-by-clash,I've changed gazilion times the #java configuration NOT to check for updates. It's nice that every five minutes asks me for an update!
1,ironic-by-clash,Thank you Aidyn and Adele for getting me sick.
1,ironic-by-clash,We'll that was a great way to start off my morning :grinning_face:
1,ironic-by-clash,"@TheOtherRosie  I'm really big supporter of #lawenforcement. Like Sheriff Clarke said, it's all theatrics. #Ferguson @foxandfriends"
1,ironic-by-clash,"Off to brave Tesco. Humungous shopping list, hail outside #ohbliss "
1,ironic-by-clash,Westbrook 16 points on 42 shots ok ok I see you working
1,ironic-by-clash,"The fun part about 4 am drives in the winter, is no one has cleaned the snow yet "
1,ironic-by-clash,@C_DLord @C_CWilson1 Lovely on Carnoustie beach this morning...| #soggybreeks
1,ironic-by-clash,Really looked forward to waking up this early for finals......
1,ironic-by-clash,walking in this was fun  http://t.co/zypW2tsnAk
1,ironic-by-clash,Obviously my day is going to go fantastically well
1,ironic-by-clash,Haven't been to sleep. Feeling AWESOME.
1,ironic-by-clash,I'm pretty sure this bad boy is worth at least 6 stokes per round! #dreamon  @ 913 miranda place http://t.co/gYSnxsrWSe
1,ironic-by-clash,I love being on hold. Especially when the music is so great.
1,ironic-by-clash,@KevDGrussing Makes me so proud to be an American
1,ironic-by-clash,Nosebleeds in the morning are my favorite
1,ironic-by-clash,So lakeside was like 7million scavengers  all in 1place #hadfun  #neverboxingdayshoppingagain
1,ironic-by-clash,Bruh. I just realized I'm wearing her shirt. The chick who dumped me. Lmfao
1,ironic-by-clash,Hello indoor lung nice to see have to you back.  :runner::expressionless_face:
1,ironic-by-clash,So let me get this straight he was going to sign with UFC no matter what wifey said? #HappyMarriage
1,ironic-by-clash,Whoops. Didn't know I had to live up to other people's expectations instead of mine. Let me just fix that.  #sorrynotsorry #soz
1,ironic-by-clash,BBC News - 'Skywalker' passport cancelled because it was 'frivolous' #trademarks  http://t.co/chTEamOZcC
1,ironic-by-clash,@br_radio @BR_NFL @JasonPhilCole no duh. ? Is will owners fire Goodell for it? My guess he gets a raise  #GoodellMustGo
1,ironic-by-clash,@KCChiefs did you think that only making 100 was going to be enough?
1,ironic-by-clash,I'm up early as I need to drive downtown to take a test bright and early this morning. Yay! #Torontotrafficisfun
1,ironic-by-clash,The joy I have for overnight stakeouts
1,ironic-by-clash,@y_al_yahya Doubt I was the first to block you. But you pretend good.  @Brainman365 @Waypoint5 @alcoolafiction @AtheistQ @Atheist_Eh
1,ironic-by-clash,@dep_fm I think that was the joke.
1,ironic-by-clash,@MericaMcFreedom @Salon Because Bill makes too much money making speeches now and he's so honest :)
1,ironic-by-clash,"managing to fall flat on my face up the library stairs, has just made it to the top of  my list of proudest student moments "
1,ironic-by-clash,@Tara_KnowlesMD // LOL...Apparently I leave a big impression.
1,ironic-by-clash,RT @TraSPN: Should be great watching Miami try to block Sweat and Featherstone off the edge next two years. Real fun stuff
1,ironic-by-clash,@AdamRubinESPN # SHOCKING
1,ironic-by-clash,Tomorrow will be a great day...
1,ironic-by-clash,"There's a reason I don't tell my parents anything, cause I always get THE most positive responses "
1,ironic-by-clash,I think Apple should make their iCloud service and options a little more confusing. Its really getting good now.
1,ironic-by-clash,"@westendproducer @WhatsOnStage In a musical, the music department is quite unimportant.  #umitsaMUSICAL"
1,ironic-by-clash,@FinestDos @TheFinestSquad @KroniumSquad Oh wow your talking Skype! Cool!
1,ironic-by-clash,@TNADixie @IMPACTWRESTLING @DestAmerica Fuck yeah! 600 more viewers!
1,ironic-by-clash,Dead supportive family I've got.
1,ironic-by-clash,"Headed to Huntsville, TX this afternoon. Try to contain your jealousy.|"
1,ironic-by-clash,I'm happy with the two hours of sleep I got last night  :weary_face:
1,ironic-by-clash,Can't wait to see that he has not talked to me and that he will never do it.
1,ironic-by-clash,Left home at 7.30am and still trying to get to work. I just want to cry!! #happymonday
1,ironic-by-clash,"#13CABS apparently this guy only does city-airport. If not, swears & drives off. Even from a taxi rank #goodguy  http://t.co/xZ0bXMZIhD"
1,ironic-by-clash,"Still up at 4 , work at 11 is gonna be prime "
1,ironic-by-clash,@joehaesche thanks for the wake up wrap and coffee this morning!! #CheapBastard
1,ironic-by-clash,I see Toledo made a good name for itself last night
1,ironic-by-clash,It's nice to see continuity in our gender struggles.
1,ironic-by-clash,@PowerTripKFAN Adrian was raised that way and he made it to the NFL. Maybe he thought that would motivate his kid to get there too?
1,ironic-by-clash,2 a.m. trips to Walmart for mess are always fun.
1,ironic-by-clash,Mens Football clearly know how to have a good time.....  #archiesday #anychanceofasocial
1,ironic-by-clash,@AmbControl999 @HouseofCommons @Ed_Miliband @nick_clegg @David_Cameron  nice to see the ambulance service is so important to OUR mps
1,ironic-by-clash,Thanks Mother nature.. You didn't give us as snow day and now my twitter is filled with people complaining
1,ironic-by-clash,"Awake this early on my only day off before christmas...feeling ill banging head, bunged up, shivering... Just what I need!!!! "
1,ironic-by-clash,This week just keeps getting better and better
1,ironic-by-clash,"@kthbates96 yup gotta keep up with my ""frantic party lifestyle"". "
1,ironic-by-clash,I just love being told that I wouldn't have gotten hired if my boss knew I was pregnant.. #ha
1,ironic-by-clash,Taking the Christmas lights down in the swamp will be a blast.
1,ironic-by-clash,I love it when adults act like children. || #eyeroll
1,ironic-by-clash,"@AlexPanchenko2 oh brother, the bar for journalism is very high these days  @Henry_Langston why do you follow such retards?"
1,ironic-by-clash,"I'm so glad that Jonathan Stewart had to have, his best game in 5 yrs against me in fantasy fb playoffs.....  #imout"
1,ironic-by-clash,Gavaskar is a freakin' genius.  https://t.co/iaWlkm6EOE
1,ironic-by-clash,"I guess I'm not sleeping tonight, I didn't want to leave anyways "
1,ironic-by-clash,@TawnyaCSmith sounds like soooo much fun!
1,ironic-by-clash,@STN_Airport your busy staff  standing about when people queue #joke http://t.co/IS904hBqnK
1,ironic-by-clash,.@tomorrowstand Yup. That's exactly how we do it
1,ironic-by-clash,I love when my mornings start off like this.
1,ironic-by-clash,Yellow Pages are all you need. Phone books are the future. #truth #reallynotreally  http://t.co/7IVCcRPO6J
1,ironic-by-clash,I can already tell today is going to be a wonderful day
1,ironic-by-clash,"@greateranglia really well done. Another short formation, so I get to stand for the 3rd day in a row from Kel to LLS 7:18. Thanks "
1,ironic-by-clash,Watching creepy shit before bed when alone = bad idea. Is there a spell to turn a French bulldog into a big ass bulldog? #bewareofdog
1,ironic-by-clash,So despite the fact that I was up till 4 studying and had to wake up at 7 I think this day is going to be great :unamused_face:
1,ironic-by-clash,"Crime figures: true picture may be worse than feared, says think-tank report | via @Telegraph http://t.co/dps9g5Zc6l Surprised? "
1,ironic-by-clash,I just love not being able to sleep..  #sotired
1,ironic-by-clash,Casual stroll with lauralobaugh   Rochester  #FunInTheSun @ Key West Islands - Florida (U.S.A.) http://t.co/G24gAzZib1
1,ironic-by-clash,"Math presentation, ap history test, ap science test, and whatever the hell we're doing in Asgill... Today should be fun! "
1,ironic-by-clash,"Good choice to stay up late, Lys.  #study #finalsweek #deathofme"
1,ironic-by-clash,Mom: how about we bring your physical trainer Dunckin' Donuts. |Yes.. bringing donuts to a fitness fanatic would make perfect sense
1,ironic-by-clash,"#Twitter pushes people to read, while #Facebook pushes people to breed.|#TrueFact "
1,ironic-by-clash,Us Looking Sexy  #MehRockingMyBluMonsoonT-shirt
1,ironic-by-clash,doing mental calculations and realizing that your chances of passing a module are slim to none is fantastic
1,ironic-by-clash,@JColeNC thanks for noticing me
1,ironic-by-clash,"Obama whisked away to hospital, diagnosed with acid reflux  http://t.co/42WQQVHBau -Wow, that's some real news. "
1,ironic-by-clash,So excited for work
1,ironic-by-clash,I'm getting excited about Mexico now.
1,ironic-by-clash,Just snap chatting my sister a few times.. #shelovesitwhenIsendthatmany  http://t.co/x1b1DppHFx
1,ironic-by-clash,wow they seem to be so turnt
1,ironic-by-clash,#LRT -- Gee. Good thing there's no #WarOnWomen.
1,ironic-by-clash,Lol... That's real cute :unamused_face:
1,ironic-by-clash,@kirsch71 @united I hope that all those people who missed connecting flights take joy in this wonderful experience.  #sorrynotsorry
1,ironic-by-clash,Lmao I may be drunk... But my level of maturity is at it's all time high lmfaoo. :face_with_tears_of_joy::face_with_tears_of_joy::face_with_tears_of_joy:
1,ironic-by-clash,"whoever just did the hunger games whistle on the quiet floor, I applaud you on your originality and cultural relevance  #oldjoke"
1,ironic-by-clash,This guy who started jack hammering at 6 this morning right outside my window can stop anytime now!! #sleepingbeauty
1,ironic-by-clash,Love that I can count on people.
1,ironic-by-clash,Off to bed can't wait to feel this hangover. |
2,situational-irony,That #moment when you don't wanna tell that person you been fuckin someone else.. Cause they might go fuck some else LOL o.O' #truth
2,situational-irony,"For those who CAN hear us, @cbcjones talks about NB Power's record number of outages. 7:13  #transmitterproblems"
2,situational-irony,@Crystal_SWI it must be a really bad game if a superb comedian like Philly Phil can't squeeze some humor out of it.
2,situational-irony,#politics is not my cup of tea says #sonakshi @sonakshisinha  of #lingaa fame . #sonakshi dad #shatru is our top #bjp leader
2,situational-irony,"Indian society teaches how ""Not to get raped"" rather than ""Don't rape""  #Sadhvi #MufflerMan #Indias30 #Rohtak"
2,situational-irony," @emptynetters: Penguins cancel morning skate, which was an optional, due to icy road conditions."""
2,situational-irony,When someone with retrica wali picture complains about how many filters someone has used in their picture to look pretty..
2,situational-irony,"@jaymohr37  #PSA Hey Jay, I tuned in when u said ""why all the cocaine talk today....after tweeting coke joke saw it's Escobar's 65th "
2,situational-irony,Sure Staff... Now Hiring.  http://t.co/HDgfxG7elF
2,situational-irony,"#Love is far more important than #money!|The problem is, you only know it once you have money!| #life #humanity"
2,situational-irony,Write cover page of thesis. Laptop commits suicide  #thankgodforbackups http://t.co/Bdj0HlBC9G
2,situational-irony,I don't like clowns but I'm going to be one.
2,situational-irony,"@avaskoog Caffeine free coffee? Yeah, I'll have that next time I have a slice of sugar-free cheesecake...  :P"
2,situational-irony,"The  of #American #protesters calling for an end to #RacialProfiling while holding signs referencing "" #BlackPeople "" | #ICantBreathe"
2,situational-irony,Americans love guns more than ever! http://t.co/U9pHYAzcvx #Chicago #Detroit examples of strict #gunlaws yet have the most crime
2,situational-irony,Down or Not is down right now. That's  for ya http://t.co/f4WRhmHVLG
2,situational-irony,"The silence in #TimesSquare for #EricGarner last night is only broken by #NYPD siren. , watch on ifussss app. http://t.co/4qJQ9lM07U"
2,situational-irony,!!! RT @JeremyClarkson: Of all the places to get stuck in a traffic jam http://t.co/N2AX0wjH1k
2,situational-irony,"I tweeted about how dangerous Glasgow is, and a Glaswegian party venue followed me. #win "
2,situational-irony,#mondaymorning pouring rain and i am singing 'the most wonderful time of the year' as i walk to the office
2,situational-irony,i decided to become my own boss to have more free time.. now i have no time left whatsoever.
2,situational-irony,"@cnsnews Say it ain't so, Joe.  Who would imagine a government program fraught with fraud?  Has this ever happened before? "
2,situational-irony,"She said nope, I'm only getting gift cards...ones she bought using her credit card points. ."
2,situational-irony,@Tchengg @ShareThis but she was white!.IOW guilty of racism by fact of skin color.#Ferguson taught me that.
2,situational-irony,"@XboxSupport @xbox It's Christmas, one of the few days off I get during the year and I can't even sign into my XBOX ONE.|#Typical|"
2,situational-irony,@NickMeisl his song Angel of Death is a good one. It has lyrics bashing the Vatican
2,situational-irony,Eating sweets in PE
2,situational-irony,"I before ""E"" except after ""C,"" right? What about in ""W-E-I-R-D?""  #Tshirt #RulesWereMadeToBeBroken? http://t.co/9CFGuU4Q17"
2,situational-irony,@RadhikaMukherji y r women considered inferior2men by society even wen in most of d families 2day men need women4decision making!  :D
2,situational-irony,The Chicago Firehouse Restaurant caught fire this morning.  http://t.co/E6m4Bv4ySQ
2,situational-irony,"so, sane peoples would talk to themselves in twitter because they can't find other sane humans to talk to. that  #retweet#ifagree"
2,situational-irony,"This is how I responded|""More movies about heterosexuality. I really wish they would stop shoving their lifestyle down our throats."" "
2,situational-irony,A romantic candlelit dinner for two would cost less if you switched the lights on -  ESKOM pic from the 1990's http://t.co/cxnIdmB3qn
2,situational-irony,@quiksilverindia The only place where you don't wanna sit on the seat that you earned. |#Dancing |#QuiksilverGoesSupersonic
2,situational-irony,at its core. #trolls looking for #trolls. The second coming is soon. #itm #noagenda http://t.co/hcxDHHxc73
2,situational-irony,Reading a Victoria's Secret Fashion Show recap with a plate of French fries in front of me :french_fries:
2,situational-irony,@CalmKitchen @menhealuk I smashed my Samsung galaxy running back to the car trying to avoid a parking ticket
2,situational-irony,"Twig is now ""Sprig""—3 sec limit on new social video platform  #techtalk #editorspick #sillyvine #Tr... https://t.co/0DMkcXpYzq"
2,situational-irony,I fell asleep posting my last post.
2,situational-irony,Everybody is out there traveling the world and I'm sitting here studying maps for my last exam #jealousy  #almostdone
2,situational-irony,It's funny how you can sit for 15minutes And not be noticed.  #MTVStars Taylor Swift
2,situational-irony,"Don't be offended when you hear #HappyHolidays when people refer to #Christmas. The word 'holiday' is derived from ""Holy Day"". #fb "
2,situational-irony,"@TODAYshow Joel Olstein, a man who hardly ever mentions Jesus in his sermons,  is going to talk about the meaning of Christmas?  "
2,situational-irony,@FAOnews @AMISoutlook And why are these amazingly small opportunities to sustain life going into feeding animals which we then kill?
2,situational-irony,"he was half of what she deserved, yet he was all that she ever wanted ,,,, "
2,situational-irony,people speaking of law to protesters who are fighting for justice themselves...  #ModelTownNotForgotten #PAT #PTI #GoNawazGo
2,situational-irony,"#FergusonRiotTips Remember, the only way ppl listen is if you burn down their stores||#Ferguson #VitoandVito #WAARMedia #tcot #ycot"
2,situational-irony,"@adamclanton,@LanceZierlein,wait..your followup to Ferguson/stereotyping talk is audio about a kid who wants to do ""hood-rat"" stuff? "
2,situational-irony,"Myself and @AlvaghCronin having to walk to Civic Offices to get bus muttering to ourselves""wouldn't you think they'd pay their water""  "
2,situational-irony,Just seen 3 bikes on bikes.
2,situational-irony,@junior_miller @gordonkeith Junior got a rim shot for a 'rim job' joke.
2,situational-irony,Just realized that the name of the comic sans' creator means asshole in French #nooffense
2,situational-irony,"A woman wearing a t-shirt on @itvjeremykyle that says ""Act like a Lady"".."
2,situational-irony,Ppl make blanket statements about a whole race as a defense that they are sick of hearing about race
2,situational-irony,"@TMZ he hasn't been diagnosed w/ bipolar disorder yet I'm assuming?He needs to ""beat"" his ""hard feeling"" emotions into submission. "
2,situational-irony,The  of how worst films become must see #films: http://t.co/rNJ4tl6syj
2,situational-irony,Fischer ordered fish and chips
2,situational-irony,I asked God to protect me from my enemies .. shortly after I started losing friends :flushed_face::hundred_points_symbol:  or #naah
2,situational-irony,when you get friendzoned by someone you trying to friendzone...sigh
2,situational-irony,@Kennyade92 @RC1023FM there are more lawful ways the lawmakers whould av gone about gaining entrance not by breaking the law  kind of
2,situational-irony,Spilled milk onto my boob. Oh the .
2,situational-irony,Cramming 200+ psych pages into my brain even though we learnt that cramming isn't effective
2,situational-irony,"@JoanneLouT I love the way that the #white males are buffoons, while the #black woman is smart and always wins #culturalmarxism "
2,situational-irony,Cheap and expensive  http://t.co/jbZtYeu7AV
2,situational-irony,: When the looks that are nurtured by statuesque beauties are nurtured by the skinniest supermodels. #Statuesque=#Skinny #Look
2,situational-irony,"@TheGoodGodAbove Re: Xmas: ""Christmas"" is itself an abbreviation of ""Christ's Mass.""  @ThatKevinSmith http://t.co/5CGoJWvlTL"
2,situational-irony,"@exlabourite yes, except Farage backs the slow genocide of Palestinians by Israelis using Nazi methods "
2,situational-irony,"It's pretty amazing that in 'The Land of the Free', people are debating if we should feel safe around our police. "
2,situational-irony,"Wearing my @BriBrows22 rangers shirt, flipping off a crowd in his hometown of boston. So much  http://t.co/e7W8prHTE0"
2,situational-irony,@MikeLoBurgio @BarackObama protecting the namesake of a #PalinSpawn
2,situational-irony,Here's the final episode of #minecraft #hardcore survival... We die while trying to get a sustainable food source
2,situational-irony,That 2-hour sleep put me into hyper mode
2,situational-irony,@KimiNozoGuy @Alison_prime @SportzPunz @IvyTwisted @shitpostman Probably folks like #FullMcIntosh who don't buy games.  #gamergate
2,situational-irony,": World's most villainous climate criminal, Australia, attempts to heavy other nations at Lima http://t.co/m3DO7rgLRg #auspol"
2,situational-irony,"And all I wanna do is blast music and get ready for my trip but my ""second"" roommate is sleeping and I suffer from being considerate "
2,situational-irony,"amazing how many ""americans"" slag off capitalism , from the comfort of armchairs, sipping decaf,skinny, pumpkins spice lattes "
2,situational-irony,"I've tweeted nearly 4,000 times and I'm not sure all 4,000 tweets really needed to be on the internet... Including this one "
2,situational-irony,Currently writing about how I plan to stop procrastinating after leaving the paper untouched all day
2,situational-irony,Hiding in plain sight. By #MichaelBeerens (http://t.co/EJaFcMsIrA) #graffiti #streetart  http://t.co/T3kvGtDBO9
2,situational-irony,"The word ""Taliban"" comes from the root word ""Talib"" which means a student. |#PeshawarAttack #DeathToTaliban #DeathToISIS"
2,situational-irony,"Whatever happened to the Guano Apes? Did they ever make it ""Big in Japan""? "
2,situational-irony,"@theprojecttv When all the ""trauma"" these kids are suffering is over, the fact remains, You apologised for telling the truth.  #stuism"
2,situational-irony,@JoeandEvan @7BOOMERESIASON @cc660 @BoomerandCarton the Jets have pick 6 in the 2015 draft the irony blows my mind!  #NFLDraft
2,situational-irony,Pay Ghost Soldiers in Iraq & cut pay of US #Military.  #keepyourpromise @SenateDems @Senate_GOPs @thejointstaff http://t.co/353PkrO9yC
2,situational-irony,We spend our childhood in a hurry to grow up and when we grow up we want to retain our childlike nature! #justsaying  #lifegoals #kids
2,situational-irony,"The word ""#Trust"" coming out of the mouths of #Holder or #Obama is just rich with  and #hypocrisy. #IRS #racebaiters"
2,situational-irony,The people supporting police violence seem to be the same assholes that scream about government over-reach.  #cognitivedissonance
2,situational-irony,I'm really talkative at night but no one is up to talk
2,situational-irony,Finding it quite funny that Gillette Soccer Saturday on Sky are complaining that there aren't enough games on at 3pm Saturday
2,situational-irony,"Lawyer on train to other lawyer talking about ceiling ad- ""who would even read that? No one's going to notice that thing..."" "
2,situational-irony,Gareth's polar opposite is a chicken-loving vegetarian :face_with_tears_of_joy::hatching_chick:  #Bones @andjwest
2,situational-irony,@lorickson n the  is the promotions r by human n not by the religions. For strictly speaking all religions believe it is the right 1.
2,situational-irony,#PTIUKGoNawazGoCampaign||Show up at the peaceful protest infront of Lancaster house to greet our PM with respect ||
2,situational-irony,"Band playing ""Two Tickets to Paradise"" in parking lot at Redskins game.  #Redskins"
2,situational-irony,: Entertaining journalists collecting facts about annoying dentists. #Entertaining=#Annoying #FactAboutDentist
2,situational-irony,When someone who is extremely selfish dramatically wonders why people are so selfish !
2,situational-irony,"@LexGrayWAVY @WAVY_News ""Unity we stand"" all white people. "
2,situational-irony,"I shun the workplace chit chat, to look at what happening on twitter  #randomtweet"
2,situational-irony,"Today's court proceedings, allowing prisoners access to books in England & Wales, surely confirms it's time to limit judicial review. "
2,situational-irony,"I cared for 8 seconds, then I got distracted. :face_with_tears_of_joy: "
2,situational-irony,.@sunrise how far back can I search my google calendar via sunrise? google doesn't have a working search engine on its calendar
2,situational-irony,Those bad Anonymous and Occupy people did it all because they support white supremacy
2,situational-irony,@falchions i wanna do mine but im a pussy
2,situational-irony,The Penguins cancelled their morning skate today...due to icy conditions.  #butseriouslytheroadsarebad
2,situational-irony,@peta @KemDizzle     and how many animals does peta kill every year.|#hypocrisy #idiots|might want to point CID inward!
2,situational-irony,@hoplitnet The fact that Whites are prone to universal thinking is actually racial in and of itself.
2,situational-irony,the  that the #euphemism #CoerciveControl was #coined by a #MAN but is now #lovingly #appropriated by the #radical #feminist #agenda
2,situational-irony,Climate change redux: CALIFORNIANS experience drought & voted for bonds to cover.Climate changed &now we have most rain in 100 years.
2,situational-irony,- Road safety campaign donkey killed by car http://t.co/hnWYc5jp13
2,situational-irony,@G_Wade_TooFlyy yea we was we too only a couple schools played black & not its a black dominate game
2,situational-irony,"A day where  ruled @twitter, I got followed by @Sarcasmia. Wht a  day!! Lollllll."
2,situational-irony,Thechicago firehouse restaurant goes up in flames.  #chicago #fire #cfd #workingpress #cbs #wbbm... http://t.co/H7VwVUry8P
2,situational-irony,Just yelled at #someone #telling me to do #something #youre  my #mum #mistake was...it was actually my mum
2,situational-irony,The two constables -- Veer Pal Singh Yadav and Avnish Yadav - did not have any criminal record. - NDTV||
2,situational-irony,"oh lord!  RT @popularmsem: RT @ShockingFactsz: Before becoming an actor, Tom Cruise wanted to be a Catholic priest."
2,situational-irony,I just watched a #Fitbit commercial followed my an #IHOP commercial advertising a belgian chocolate mousse crepe.
2,situational-irony,Kind of love how I got a voicemail from my seat neighbor wondering where I was yet they constantly sell their ticket & I never ask
2,situational-irony,So Aaron sorkin goes on @todayshow  to talk about not liking the media talking about Sony hack? Using media to bitch about media?
2,situational-irony,@Shaneonair large companies don't pay tax and get away with it.individuals who don't pay get locked up or fined.
2,situational-irony,Towing company commuter car being towed.  http://t.co/O3NbsLQahp
2,situational-irony,Constipated from eating nothing but shit for three weeks.
2,situational-irony,I hate plane rides but I wanna go to so many different countries
2,situational-irony,Cluck! RT @DJB627: Most transparent administration ever sends password-protected documents to Oversight.  #Gruber
2,situational-irony,Listened to Gimme Shelter while driving in the rain:face_with_tears_of_joy:
2,situational-irony,Write hundred tweets on Kejriwal every day and then go on to declare that he is irrelevant when it comes to Indian politics!
2,situational-irony,"@MarkXA and we know abt the ""goal"" that (never) crossed the line  #holierthanthou #henryisalegend"
2,situational-irony,I keep telling my friends I'm busy they need to stop blowing me up but they just can't stop  http://t.co/BH5IW1OEJM
2,situational-irony,I just found out I have a 13th grade education: https://t.co/OujZNnuE96||I must have slept through that entire year
2,situational-irony,@kobebryant  don't you see the  for call teammates soft when you haven't been to practice in 2 weeks?  #overpaid.
2,situational-irony,Sorkin identified the 'attack on free speech' from Sony hackers before attacking the media for publishing the leaks  #SonyHack
2,situational-irony,"What an Irony! The Police divide us, The Terrorists Unite us! #Terrorism #PoliceBrutality "
2,situational-irony,"@NussieT you realize you just tweeted out advice the other day on how not to spill your coffee, right?   #sloppy"
2,situational-irony,": When some archers fight with ""supple"" bows the way hoplites fight with stiff spears. #Archer=#Hoplite #Bow=#Spear"
2,situational-irony,A design firm's holiday card skewers corporate jargon.  Hand biting mouth? #jargon #design |http://t.co/CXpE2DWL4J
2,situational-irony,@MistressBitchIn a Woman that puts a man in irons supports the irons!!!
2,situational-irony,@LOLGOP Fox News criticizing poor journalism regarding the UVA incident is hilarious
2,situational-irony,http://t.co/N1eVKeTMZ0 celebs takes drastic measures to look good...  #whoops #CelebrityLeakedPhotos http://t.co/5vGRHXrSa3
2,situational-irony,Security Engineers are not Security Guards. :| #Hackers  #security
2,situational-irony,I hate it when my mind keeps drifting to someone who no longer matters in life.  #dislike
2,situational-irony,@rowdiejones:  When continuationists demand a prooftext for cessationism. / @BibChr beautiful observation
2,situational-irony,When your  is so advanced people actually think you are #stupid.. http://t.co/LSGmXqneqq http://t.co/fOqATXhy5U
2,situational-irony,It's all a calamity of lies..everything is fake so we only accept what isn't true  so when the truth comes we deny it.
2,situational-irony,"99 % of Maldives is water. Yet, we're experiencing a water shortage. "
2,situational-irony,Sanjay Dutt asks for parole to meet his wife whereas other husbands want parole from their wives but there no body exist to grant it.|
2,situational-irony,|Jihadi killers in #Ottawa #Sidney & #Peshawar are rogue acts while|FratBoy UVa Rapists are symbolic of deeper societal flaws...|#tcot
2,situational-irony,"@daddy_warpig @soulbrotherkab @Smirtington @quietuswolfe #GamerGate , now with weaponized Ninjas. we trained with Assasins Creed. "
2,situational-irony,On my TL I see a Somerholic that unfollowed me tweeting retweet if you're a Somerholic to see how many are there.also i'm not allowed
2,situational-irony,@Dov67 @ThisIsPalestine Actually Israel's demand renders it antisemitic acc to your mate's favourite non definition of antisem.
2,situational-irony,"Religion is unfounded, else, Allah would have saved the kids. . @tariqmushtaqkh @nicpradhan #PeshawarAttack #PakSchoolSiege"
2,situational-irony,@maiwaby You are freer in Bethlehem than you would be anywhere in rest of the Arab world!   much
2,situational-irony,@oimagenta Just abt 2 say d same  :) I'm not sure whether Oxford Brookes Uni is part of Oxford Uni. yet his CV is impressive still!
2,situational-irony,MAMA - a Korean awards show that will be held in Hong Kong and will be headlined by an American artist
2,situational-irony,"@DrunkVinodMehta If #BJP joins with PDP, then CM will be of PDP. Only way to have a #HINDU #CM is to take support of Abdullah family "
2,situational-irony,Fleury with 5 shut outs so far on the season. He's still not good though
2,situational-irony," Obama's $1,176,120.90 in Taxpayer Funded Costs to Attend Political Fundraisers in Los Angeles, San Francisco http://t.co/2PmAt1l7rO"
2,situational-irony,Powerful picture taken by a #protester the #night before #christmas. The  is real. http://t.co/EVdeheqpsj
2,situational-irony,"But @DarklightDave was trying to find us, and my battery died. Guess how he found us? Yes, that bastard wand! !!!!!"
2,situational-irony,The biggest  is that #Taliban gunned down school kids in the same country that #Malala received the Nobel prize for #Education #Ouch
2,situational-irony,@amyhoy I am procrastinating on getting work done b/c I am reading your new book!
2,situational-irony,"Just as the microphone fails: ""If we were having this conversation 100 years ago..."" @disruptivedean #WebRTC #WebRTCParis "
2,situational-irony,"I used to joke around about my cats being able to open my doors, never expected it happen. "
2,situational-irony,"Wallahi speaking to an unbeliever is bid'a, let alone wishing him/her a happy celebration. "
2,situational-irony,Surprised SJWs haven't tried to get call of duty banned. You can make male & female guys so you have men KILLING women|#Misogyny|
2,situational-irony,@HMRCcustomers You know this is wrong don't you http://t.co/00WSRV7RcS Please help us out here #EUVAT
2,situational-irony,Bhopal victims don't get justice aft 30yrs but don't find place in prime and a man traveling in business cls is prime time news..
2,situational-irony,@ClimateGroup Tried to cut and paste a tweet from SA Mining where they got GO Green Consulting ... it's in my timeline.
2,situational-irony,@michael_adair @CelticLiam88 For Queen and country yet they go down and destroy an English city and attack English police lol
2,situational-irony,"@Johnny_Volk @ESPNNFL Hmmm, Next year we'll be saying, teams that moved from SD to LA.  "
2,situational-irony,Meanwhile in Zimbabwe the South African imposed government promises to stamp out corruption.
2,situational-irony,"@Anajbbyy yesss! What makes it worse is when they look gorgeous and say ""I just got my face beat!"" Wtf?  #Contradiction"
2,situational-irony," ""@BarakRavid: BREAKING: PM Netanyahu slams EU countries: ""The Europeans are hypocrites that learned nothing from the holocaust"""""
2,situational-irony,But someone selling a pack of cigarettes gets a death penalty  #EricGarner
2,situational-irony,@sarahkhannyc @SAfridiOfficial @ShahidSrfraz Hahahahahahahhahaha! I was some one and it happened to be ya! !
2,situational-irony,Women getting hit on by married managers at @ChickfilA cracks me up  #Hypocrites #practicewhatyoupreach
2,situational-irony,I cant even watch anime in japan...
2,situational-irony,Me: my stomach is upset.| My stomach: I AM MORE THAN UPSET!
2,situational-irony,"Most Hindus depend on the 'western' researchers,who explain to them what's written in Hindu scriptures!;-) @rupasubramanya #FacePalm "
2,situational-irony,I asked God to protect me from my enemies a long time ago .. short after I started losing friends  or #naah
2,situational-irony,is when someone has been quite vocal against liberals but at the same time supports @P_Musharraf :)
2,situational-irony," - during @CNNReliable criticism of @RollingStone , a promo for a special featuring #BillCosby ""#rape victims"" airs. #Hypocrites"
2,situational-irony,Reading about Barack Obama in the Barack #Obama plaza #moneygall oh the  http://t.co/sQCIETUrpR
2,situational-irony,"@BaniHillal ""i feel bad for the American people, now we should invade their country in kill their children so we can save them"" "
2,situational-irony,@GarnetNGold22: So PSN and Xbox Live are both down on a day many people get new video games.||North Korean hack? :tired_face:
2,situational-irony,Did #lyntoncrosby invent #CameronMustGo ? Puerile attacks on @Ed_Miliband in RW press provoked #webackEd which led to #CameronMustGo
2,situational-irony,Listening to a guy who decimated his team explaining to another how to build teams... hahahahaha aaaah.  #tragedy
2,situational-irony,Who ever thought moving in the middle of December would be so peaceful?
2,situational-irony,"It's being 200 yrs since the west had their industrial revolution but in 21st cent Ghana, an industrial de-revolution is happening. "
2,situational-irony,": When some police officers pursue ""daring"" villains the way abusers pursue frightened prey. #Police_officer=#Abuser #Villain=#Prey"
2,situational-irony,"@Chxta They were probably, contracted to work for free. "
2,situational-irony,Come to jhb to play volleyball on a fake beach  #work http://t.co/yS6wkgvT5y
2,situational-irony,These Student Athletes Really Picked The Wrong Class To Cheat In http://t.co/JWeNktzy7M via @MTVNews
2,situational-irony,Happy stfx day! Lost my #Xring in '12. It was found 2 mo's later glistening on the 18th green of Lost Creek Golf Club. #xringmiracle
2,situational-irony,Execute commands the beginning of a job but it is used to end a person's life Now that's
2,situational-irony,@kmrheadlines: Electricity generated in Kashmir can illuminate whole India: PM but it's only not illuminating #Kashmir
2,situational-irony,"Does the word ""counter-productive"" ever mean anything to people when they sit around and dream up ideas to double their wage? "
2,situational-irony,@DrJaneChi: But what about white on white crime? It's like a ribbon in the sky...non-existent.
2,situational-irony,"@AJtedded: Aaaaaand to read ""Big Sleep"" because can't get any sleep...  http://t.co/BzEhrjZEKS"
2,situational-irony,@sportstalksc what's the rush? His leg is still attached right?  #dr.dabo
2,situational-irony,Duale seeking 'protection to be heard' when the proposed security bill will trample the basic rights of his pple and their freedom
2,situational-irony,Lol. Imagine being gay and working in a fudge packing factory.
3,other-irony,Girl put your records on. Tell me your favorite song.  #inasong #myfav
3,other-irony,Say no more.... #bigclub  http://t.co/ALcQQsASsY
3,other-irony,"That's me, the infamous pepper shaker replacer. "
3,other-irony,@sunlorrie @ctv ??? #Liberal used in same sentence?? Unheard of!! Turn in your keyboard sir!
3,other-irony,Happens Every day.  http://t.co/F8lrSVV79q
3,other-irony,We prefer to lose the derby vs #SuC and fight for Ligna trophy.
3,other-irony,An answer to the one who criticize #feminism http://t.co/sYtcFcGcRq #Uglygirlsclub  #fourthwave
3,other-irony,well I clearly wrote that last tweet
3,other-irony,@ttwentyman He's just trying to drive Suh's price up.
3,other-irony,The city that only sleeps on mass transit. #naptime  #isntitironic #donchathink #imnotsure... http://t.co/yKcxmW5dVX
3,other-irony,"Jesus, Mary and Joseph. How sad to go through life suffering from  deficiency"
3,other-irony,@davidvitty to watch re blues? Chelsea's of course
3,other-irony,How in the world will I start my day once Kaitlyn gets tired of #Frozen?   #Idontwanttobuildasnowman #mommyproblems #mommylife
3,other-irony,@Fleshframes plus my memory is short and I deleted all those pic you shared. Boom.
3,other-irony,@rrhhmmss @TimEchols1 @Penneeee I agree. You can see that from the videos and photos that were taken two hours after the shooting.
3,other-irony,@Slate can you please book one of these appointments for me and tell me what happens?  http://t.co/ZrilqmGIoP
3,other-irony,"Lifes like a bird, its pretty cute until it craps on your head. #Gharwapsi #72HoursOfCrazy #PowerOfFive #lol  #AntiConversionLaw"
3,other-irony,Sorry this doesn't make any sense why make it even more tough? That's going to produce more players..  http://t.co/rjRLAQHwyd
3,other-irony,Coin ! WatcherOnAWall: Anyone else find it sad that we have to remind Conservative Republicans that Torture is wrong? #TortureReport ...
3,other-irony,@bombguy95: If You Re A Chelsea Fan. Its natural To Be Sentimental.. If You re An Arsenal Fan.. Its Natural To Be Stupid||Spelling?
3,other-irony,@Shadoya_osman and he can't find himself a pair that would fit  :see-no-evil_monkey::speak-no-evil_monkey::speak-no-evil_monkey::face_with_tears_of_joy:
3,other-irony,@mahobili @DrAwab What does PTI do apart from whining?  #Youthiacrasy
3,other-irony,On a small diet  http://t.co/UsLZOgYmEx
3,other-irony,@OpineJ There's no personal responsibility anymore. You can't expect anyone to think.
3,other-irony,Where is the #TortureReport from Showtime's Homeland?
3,other-irony,"@georgeely22 Because your ""sarcastic""?  "
3,other-irony,@BIGJOEONTHEGO #ThingsBetterThanTitansJags napalm hotwings #bigjoefavorite  love the show #keep it real
3,other-irony,#bitch #bitchy #badass #lol #laughing #jokes   #funtime #funny #fun #ecards... http://t.co/9di1xjv9uk
3,other-irony,I don't wanna hate religious people. Cos i am one of them. I'm so religious in music. #ahaa
3,other-irony,Pre work shenanigans lmbo alissamarie_b #letswork  #kiddingnotkidding #funtimes #sheseriouslyrocks http://t.co/wht23Idawu
3,other-irony,@mmamania what time is the UFC press conference tomorrow with names of numerous fighters getting cut
3,other-irony,dead? Why is this stupidest of memes still perpetuated?
3,other-irony,"K should give us a famous bf, some fan need an entertainment apparently "
3,other-irony,@TelegraphPromos @Mistress_Fiona Second prize is TWO signed copies of Boris' book. #onlyKidding
3,other-irony,I wonder what Professor Iaukea has to say about the new Disney Princess...? :unamused_face:
3,other-irony,"@whittmj1128 @Johnubacon @SamWebb77 this is true, the Patriots, Packers, or Broncos could suddenly need a new coach  #itshappening"
3,other-irony,@thunderroadvint try having no internet for a month. Now I know how Ethiopians feel.
3,other-irony,"@NeezmhaNeez Technically, we aint muzlamics until we believe in a guy lost in a cellar as our saviour. ||#TrueStoryFam"
3,other-irony,Yet another angry #Bluehand moron blocks me after just one tweet :-p https://t.co/sdK34lzWrd
3,other-irony,"#Corpsman wisdom: I had a head cold, so I took my own advice - Motrin, hydrated and changed my socks. Cold eliminated  #navy"
3,other-irony,@NovusOrdoWatch He was caught attending...*gasp* a Latin Mass.
3,other-irony,Reading the Dundee United chairmanship statement tonight and you have to say what a lot of tosh..care of young players indeed
3,other-irony,@dohanews they can use white/maroon xmas trees :)
3,other-irony,@JustinTrudeau Won't our national hockey expert at 24 Sussex Drive join you??
3,other-irony,"@hirefrank @MTA OMG want one, but I have EasyPay Express. This would mean I would only use it to ride PATH. "
3,other-irony,I'm not in enough dance practice whatsapp groups yet. #december #winter #weddingseason
3,other-irony,"@mmsevents: #OneloveFestival Sat 20 Dec. Table bookings: R800 includes 1 bottle, 12 mixers... Uh-oh I smell so much  it's lovely!"
3,other-irony,@JimHumbert @GotNewsDotCom Really?! Unbelievable! U mean he was a Thug & Criminal?
3,other-irony,Fun at @JRfm #Basics4Babies Day @langleyevents on Sunday: Ask Travis Lulay to get his face painted like Tony The Tiger  #worthashot
3,other-irony,Are they allowed to be touching each other's kneecaps like that?? #questionable #NOA #onuchapel
3,other-irony,Coin ! LeCoinCanard: Coin ! LeCoinCanard: Coin ! LeCoinCanard: Coin ! deanbcfc: WasAlRahman this is a question I ask myself everyday ...
3,other-irony,Saying No to Them is the first way you say yes to yourself.
3,other-irony,@MaggieLindemann: . @xSamSecrets123 awk moment when I tweeted first #fakefan !!!!!
3,other-irony,"There's millions of autobot & troll accounts on Twitter that post dumb sh*t for RT's, then people call them stupid & naive.||"
3,other-irony,When that bish defollows you  #disney #belle #MoreFollowersPlease http://t.co/i549jbbPLK
3,other-irony,Human brains disappear every day. Some of them have never even appeared.. ||http://t.co/Fb0Aq5Frqs||#brain #humanbrain
3,other-irony,Now i officially look single. Ha the
3,other-irony,"@GIBiz @MonsieurHutt Porn!? Where where?? Move that naked woman, I can't see where the porn is!| #games"
3,other-irony,Well. If it's not one thing it's another. But hey why not a like new exhaust. #pissed  #GRRRR
3,other-irony,@Only1Neets Probably a Nigerian.
3,other-irony,@Wields Ill see you in the Finals
3,other-irony,Photo: Cheers! #vodka #mother #energy #drink #tipsy #on #one #drink #Cadbury  #alcoholic #Friday... http://t.co/9nIao1XChp
3,other-irony,just dropped my new single||it's me||i'm single
3,other-irony,"@michelledean @AVAETC not playing out in the provinces like, oh, Mississippi. "
3,other-irony,As if i need more water in my pasture.
3,other-irony," ""@LabourEoin Few politicians get importance of Patient Dignity &  right to die http://t.co/adKIDKNpID"""
3,other-irony,@KimBhasin @HuffingtonPost So is he banded from wearing the clothes?  #Karma
3,other-irony,"juugin everything, niggas got warrants to pay "
3,other-irony,#Laundrymatfun#LOL#YesIsaidNOT#spincycle#youspinmeround#recordplayer#thatsmykid#80smusic#teachingth http://t.co/jhIjrzRGl9
3,other-irony,"Being publicly called a ""heartless arsehole"" for going about my day as usual. "
3,other-irony,"@NBCSportsRoc: Arizona Coyotes forge deal with BMW http://t.co/s7ZhDHk5li But, relocation!!! "
3,other-irony,Taking Over the mansion with the Mexicans @MikeyGlander
3,other-irony,@darrenrovell Is Jameis Winston getting paid for this photo or is #5 coincidence?
3,other-irony,"My dove wrapper told me to be mischievous, so if anything happens, that's my extenuating, external attribution to blame  #psych"
3,other-irony,At http://t.co/mjC7vaiyE0 -- The sun finally decided to play #beastside #tahiti  http://t.co/BiImkrtTn4
3,other-irony,@Sahelanth @QuerierNew @hudds1 because as long as she's a victim she'll have white knights trying to save that damsel in distress.
3,other-irony,"@willbrooker feeding your own flesh and blood/making an alley way smell terrible = same, same.  #90ssarcasm #thesun #thingsthatarewrong"
3,other-irony,Just found out there are Etch A Sketch apps.  #oldschool #notoldschool
3,other-irony,*gasp* The girls are at a rehearsal studio today? You don't say... Hmmm wonder what on earth for? :frog_face::hot_beverage:️  #MTVStars Little Mix
3,other-irony,Small amount of lads with birds nests' for hair cuts  #ha #3allover
3,other-irony,It will be impossible for me to be late if I start to dress up right now. #studing #university #lazy
3,other-irony,Take my time because I want it all right?  http://t.co/NxkFIWFs8I
3,other-irony,"anw as long as there's nothing going on with the both of u rn, i can still forgive u but i cant promise to forget "
3,other-irony,"I checked twitter and snapchat but I can't tell what day it is, someone please help  :face_with_stuck-out_tongue_and_winking_eye:|"
3,other-irony,@louiseinwords We all have our crosses to bear. LOL
3,other-irony,"Balak to Balaam: ""Come now, curse this people for me..for I know that he whom you bless is blessed, and he whom you curse is cursed."" "
3,other-irony,@xheeners I know ...
3,other-irony,"Heh, and fat, too. #ShotsFired "
3,other-irony,"Wait...  wait...  wait...  isn't the font on that t-shirt ""comic sans?""  @KingJames #ICantBreathe http://t.co/qwpv9OqGgd"
3,other-irony,@TheStalwart @M_C_Klein @matt_levine @reihan @charlescwcooke and what about the blacks you guys they don't know what to do with money
3,other-irony,@amandakaschube Like I need to be reminded of BP Cup competition dates!
3,other-irony,"@HadleyFreeman it could have happened to anyone. Your time will come, critics. Oops, apologies. A typical  -loving #Brit."
3,other-irony,Look! It's a white Christmas after all!  #MinnesotaProblems http://t.co/fFGDuJxgBj
3,other-irony,Wheres the rodgers in brigade
3,other-irony,"Contemplating responding to @charliejnwalker's tweet saying ""what remains of their pride"" but not sure how well that will go down "
3,other-irony,@BrentRivera I have a boyfriend! () *hair flip and walks away*
3,other-irony,"@araancheta Yes ara i am not, and you know that. Hahaha :speak-no-evil_monkey:  :face_with_tears_of_joy:"
3,other-irony,@MaggieWinter21 your last retweet though
3,other-irony,"Where you our #ShamiWitness now?  |""@Dannymakkisyria: The gunman is also said to be monitoring social media activity #sydneysiege"""
3,other-irony,@torrentfreak We should monitor them...
3,other-irony,Such .   You still have to #praisehim ;)
3,other-irony,Why YES! Of course I use  a lot in my day....because violence is illegal.
3,other-irony,@IkeMagnifico Funny thing is now she's a security guard at Fed Ex in LA where I pick up all the time.
3,other-irony,Why does sue give bonnie anxiety and stress pills
3,other-irony,"If loose lips sink ships, then loose tweets sink fleets. ? (@ NASNI Theatre in Coronado, CA) https://t.co/dvFfrwO74Q"
3,other-irony,@peteswildlife Great. Does that mean he's also giving up hunting and killing wildlife in Europe?
3,other-irony,@LifeCheating doesn't lucky and fortunate mean the same thing?
3,other-irony,@vhdawg The day one of him minions was carrying a sign saying my mother was fat was one of mine.
3,other-irony,@myrakhan you won't get a source other than ISPR :|
3,other-irony,Well that's me living till I'm 200yrs old!!! #sarci   #wit #low #constant http://t.co/8NzMFso9Do
3,other-irony,@TonyGrossi there is no way you could mean that. no track record whatsoever
3,other-irony,@yWTorres9 time to hit the books then
3,other-irony,My vision looks like this =  just let me enjoy my first winter outside through a peep hole  #growingwinter http://t.co/BiMXhC7WhB
3,other-irony,Who would've imagined that #jakeplummer smokes weed regularly??  #outsidethelines
3,other-irony,The moral police & vigilante's are very quiet with every #rape. I suppose it is Indian culture then?  #uber #DelhiRape
3,other-irony,@blushinggs: don't let fuckboys get in the way of you being happy never have AND never will. Lmao  #DontBelieveMeJustWatch
3,other-irony,Why is ISIS an acronym for words in English?
3,other-irony,"Um, really @RollingStone?  #nothanks #UVA http://t.co/8ARdG99p8L"
3,other-irony,You're gone and I gotta stay high... #coldpants #offtomysteriousplaces  #bye http://t.co/aOla0qD4pb
3,other-irony,@RMaybo another case of away the lads  or to put it in song tell me why we don't do north london !! #TyneWeirSunday
3,other-irony,@raeraeduke  your application is already filled up waiting for you to turn 21
3,other-irony,"My grandma gulping her hot coco loudly and my mom goes: ""you gulping over there?"" My grandma: ""no I'm queefing""  #HAHA"
3,other-irony,Just received an email that I am the heir to the Nigerian Petroleum Corporation. I should immediately send them all my bank info.
3,other-irony,"@JohnCena @VinceMcMahon @steveaustinBSR hope you have more ambition john, cause no one else seems too. "
3,other-irony,@rikkiblack69 @SirTomhunter @MarieMacklin @RoyalAwesome asked back to be models next month
3,other-irony,"@firstpostin At the same length, we should not forget about the fundamental communal sanghi Hindu fanatic RSS in our backyard. "
3,other-irony,I got tampons!  http://t.co/lnWQtxriUZ
3,other-irony,@ChristianCalls1 @serr8d @ShawnSt51128037 that wasn't a choke hold the officer was trying to keep #EricGarner from falling forward.
3,other-irony,#NBA players #NY support protests of #police killings/sure #money donations for #college WB coming   http://t.co/WothDOXXeM
3,other-irony,Girls who dip>>>
3,other-irony,Go go Power Rangers! #f2xmasparty  http://t.co/A8xOlFt1ub
3,other-irony,"@heidimoore @DonnaAlward @jennabb I'm trying to decide if that cover says ""lonely widower' or not. "
3,other-irony,"i need to start going to bed earlier...smh, goodnight everyone, or should i say goodmorning haha #morning ... http://t.co/cGCD326NWF"
3,other-irony,Will put corporate racism and sexism back where it belongs: Face-to-face  @RachelFeintzeig: Execs think twice http://t.co/6V5d24NgS5
3,other-irony,Stop being the fan. And be the person blowing minds.
3,other-irony,It seems that Erdogan sends his best regards to the EU
3,other-irony,"@sirmlivesey :-) Go for it. 20th Century Fox copied me and did 21st Century Fox, after all ... , I hasten to add *very* unlitigiously!"
3,other-irony,Just delivered @DominiqueAnsel #cronuts to @BouchonBakeryRC hmmm  its for a customer I hope!!! http://t.co/KDx0FhVqCW
3,other-irony,Good luck today DJ Durkin. It is NOT great to be a Florida gator. | |#fuckUF
3,other-irony,... @NICKIMINAJ slaying in Igloo Australia's home country lol  RT > @MalikZMinaj: Nicki is SLAYING New Zealand! http://t.co/5oIm9uZNQr
3,other-irony,@ninjalikescheez did your python tweeter send that?
3,other-irony,"Spiky popularity of the name ""Spike"" in the U.S. RT @randal_olson Baby name . #dataviz Source: http://t.co/WAm4OzLfWo"
3,other-irony,@the_mullinator @JumaaneWilliams I'm sure it's largely ignored in practice. In NY you can't do any govt work if you have convicts
3,other-irony,"@nostromonavis @RamziNasir @StanleyCohenLaw You are kidding, right?  #poortaste"
3,other-irony,IT'S DEFINITELY NOT FRIDAY. THE REASON IS: It's Tuesday~! Yesterday it was Monday so why should it be Friday.
3,other-irony,Can anyone tell iv been uploading items onto depop today lol  #lotsofdepopuploaded
3,other-irony,suddenly w-wada  http://t.co/lwdLPpuDSj
3,other-irony,Why am I sick? *looks at other tweets* oh yeah sex...  #lame
3,other-irony,. which is why i've visited #pakistan as many times as i have .. sez @BarackObama
3,other-irony,@MU_Foundation @ManUtd Nice to see @LukeShaw3 taking the time to visit a poorly fan (in hospital Phil Jones)   #Alwaysinjured #MUFC
3,other-irony,Funny your the broken one now Im the only one who needed saving.|
3,other-irony,I bet I'm the first to use that one
3,other-irony,"@NintendoAmerica wait...there's a ""New Wii U""? "
3,other-irony,The BOLD BAKERY by Sarah-Brockett #bakery  http://t.co/zl5zxAD62Z
3,other-irony,@Sidra__PTI you may also see flags of ISIS with him  is this govt and ch nisar don't admit :'(
3,other-irony,Did you know ? If you are reading this right now you are not blind...lol.
3,other-irony,"@tritternz he lost his license not long after, mwahaha  @PercolateNZ"
3,other-irony,"If there was no #CFBPlayoff this year, would there really be an argument against #ALAvsOre for a #NationalChampionship? Shouldn't be. "
3,other-irony,"Irony died 1000 times during the climax of Sholay, when the police urged Thakur not to take the law into his HANDS.  #Bollywood"
3,other-irony,#TortureReport trending; I wasn't aware J.K. Rowling released her new book.
3,other-irony,I'm seeing more and more people using the term #GamerGate and I can't believe I'm going to say this but they're using it incorrectly
3,other-irony,The @PuneLUG moderation queue is flushed once every one planet Miller hour!
3,other-irony,@AskPlayStation Have you guys tried unplugging the servers waiting 10 seconds and plugging them back in?  #psndown
3,other-irony,#Fact: #StarTrek adult onesie meets clothing requirements 4 Walmart employee. Just put on yr vest & a smile.  http://t.co/2RhG2iJjNB
3,other-irony,@Irrational_Fan: I can't stand watching a #UKvsLOU game with a Louisville fan! They're as bad as Steelers fans. #BBN @DonnieDruin
3,other-irony,@DalailamaQuots I don't recall dalai lama talking about busty girls and celebs but apart from that....
3,other-irony,@Espngreeny Aren't humans the ones who are playing the sport?
3,other-irony,@TheVampsband who doesn't??
3,other-irony,@Defothedinosaur get around them
3,other-irony,"If I carried on the way half the men do on here, I'd be getting called a crank (amongst other things) and be asked if I had #PMT... :nail_polish:"
3,other-irony,#MuslimApologies – 10 Tweets that Explain What Muslims Should be Sorry for! http://t.co/wvPzLblVGL
3,other-irony,"Too late, thrown the #PS4 out of the window last night cus i couldn't play  http://t.co/L86S0O47Aq"
3,other-irony,Why isn't there a playoff legend Romo? @EASPORTS_MUT
3,other-irony,Bush Govt to be prosecuted under Geneva Convention for torture after CIA methods & VP admission exposed. http://t.co/SV4j6clfUB
3,other-irony,"@maxsnape1 who you calling bottle job I'll take teeth. Yeah I'm game mate, at training tonight too, I'll remember your hat "
3,other-irony,"@karanjohar yep, that's what they say.|"
3,other-irony,Can I ask why we didn't hv GEJ n PDP trending yesterday night  http://t.co/0oVx1ttwON
3,other-irony,@muayguyblog @EFCworldwide what???? No verbal submission?
3,other-irony,The moment you realize that what have you done in this whole year .
3,other-irony,They bombarded out country  #immigration @BBCr4today
3,other-irony,@kwelch31 Really?
3,other-irony,@billdossett LOOL from the guy with multiple twitter handles
3,other-irony,"HaHaHaHa!! #hypocrisy  ""MT @Independent: Katie Hopkins calls Russell Brand a bully..........: http://t.co/DZ05xHiuwl"""
3,other-irony,She did two marijuanas and look what happened. Don't #LegalizeIt. #Merica () http://t.co/oHxBNeKEqT
3,other-irony,I give people a break 2 say that without my supporting cast that none of my works would of made it is tosh. Did nobody get #Extras
3,other-irony,@numbdave Because we all know that a house is a hermetically sealed environment!  @askegg @SecuLawyer @star2000dancer
3,other-irony,I always can't wait to see how  works. #IfYouKnowWhatIMean
3,other-irony,"BJP-CONGRESS nt disclosing detail of 3600 cr. donation received,still Media/Bhakts questioning AAP  #MufflerMan http://t.co/eMUWoK00Tl"
3,other-irony,".Thanks to Kanye, McCartney will finally get that big break he's been waiting for. No more dumpster diving for him.  #caring"
3,other-irony,Jesus. I am watching too much #TheNewsroom... Look at me getting all #SonyHack sermonising...
3,other-irony,Husband coming home early? #mongkok #kowloon #hongkong #dongiotravels  #50thfloor ... http://t.co/vvAWP30vua http://t.co/qdEScaifSk
3,other-irony,"@Mike_Ashley_Out @towlawrian @nufcfans I guess this is where he lost a couple of million to Lambias, is it?   #LudicrousStory"
3,other-irony,@vikramchandra @ndtv #IndiawithPakistan but it can never be other way round
3,other-irony,@SexualGif: when ur boyfriend interrupts your selfie http://t.co/kVZ8VCZ7Nu yeah happens all the time
3,other-irony,Today I don't feel like doing anything|
3,other-irony,"Dear #USPS, if it has this address, it comes here. No matter the name. If there's a mistake, we'll fix it. #ThanksForTheAnnoyingNote "
3,other-irony,@scottishfirst @PG1888 Whilst #SLabour #BlairMcDougal #DeputyDug recon its in #MeltDown safe in #BetterTogether of course ...
3,other-irony,Sums up my week really  #NursingLife #WorkingDaysAndNights http://t.co/X3vnjbiSsy
3,other-irony,"The whole #Misogyny thing is hanging in there with Women from the right . A cat fight now ?, imagine pulling that on the left #pmlive"
3,other-irony,We hold these kids back.....  #RUT340
1,ironic-by-clash,OH you're just gonna wait till new years to start working out? #thatscool
1,ironic-by-clash,Working hard right now  http://t.co/ZrW0j1TgNt
0,non-ironic,My son is so thoughtful he loves taking snacks for the class.# always thinking of others #raising him right  selfish
0,non-ironic,"really, what else can a fish be besides a fish? @RBRNetwork1 @TheOldBreed1775 @IndyEnigma @diverdown48"
1,ironic-by-clash,"#Video on #Jesus and #Bulldogs which is #deep and #meaningful|cough, |#dog #dogs #bulldog #religion #vlog|http://t.co/HoUeTiFR2N"
1,ironic-by-clash,I love seeing what you guys got
0,non-ironic,@LitaMacWolfZERO as far as what? A room?
0,non-ironic,@panndder @MyLittleBloggie @bloisolson How dare you accuse me of being a boomer.
1,ironic-by-clash,Library computer has frozen again #shocker
1,ironic-by-clash,I love waking up at 3am feeling like my insides are being chopped into tiny pieces and set on fire.  #killmenow :loudly_crying_face::hocho::fire:
0,non-ironic,"@tweetkumud we are here to fight endlessly and change the system, atleast I am not going anywhere irrespective of result #AK4Delhi"
0,non-ironic,@HIM_88: AMAZING. I love this team. They scrap and always find a way! 15-6 <-- indeed. #dcRising
0,non-ironic,"@TheSpinDoctor Of all the Spice Girls, you'd pick her?!"
0,non-ironic,"#LeBron #James: '#Violence #is  #the #answer': LeBron James said Thursday that ""violence is not the answer and... http://t.co/GPz3D9TIUV"
0,non-ironic,there are things we are made to go through  to harm us but to given us a lesson to teach to someone weaker
0,non-ironic,"Kyle it won't let me @ you? But yeah, we are grown ass men with fast cars. Who gives af lol. And bring it to my room hooah? See ya in a bit."
1,ironic-by-clash,At least I woke up feeling a lot better today..
0,non-ironic,#ACUnity is on Sale!! It's now 40$ on Steam! Go buy it it's an Amazing game :v|#SteamSale #SteamWinterSale
1,ironic-by-clash,Ahh gotta love those December electric bills.
1,ironic-by-clash,Coffee and Fiber One. It's worth getting up for.
1,ironic-by-clash,@LucelinaB82 I be surprised at how many ppl have me blocked :weary_face::weary_face::weary_face:  #ITalkTooMuchShit #YOURSTILLCLOCKINGMETHO #ThatsWhyYourGirlStillFollows
0,non-ironic,"@Fox5Wagner: In fight over overtime for Firefighters, DC viewed ruling from control board as permanent"" but appeals court says no."" #fb"
0,non-ironic,@SR_Duncan Someone described it to me as 'passing like a laxette through a budgie' but I can't remember who.
0,non-ironic,Gah! Desperately trying to bust this cold!
1,ironic-by-clash,Good thing I gotta work today :thumbs_up_sign:
0,non-ironic,"Wassup buddy....hows everything. ..will look for you ""@EduMkareThaDj: @IamNickRwigi boss kupotea nayo..Acha hizo #notcool bro """
0,non-ironic,@haugenma my 7-year-old got it for me! I think Macy's http://t.co/JriDbimgYg
0,non-ironic,@DCsportsGrl @DragonflyJonez true n that's y we r jaded EVERY YEAR
0,non-ironic,Tell me the #Quintessential #Aussie now isn't a Govt paid job & then have the hyde to buy overseas online and pay no GST . mmm #SadButTrue
1,ironic-by-clash,@bmw937 stoked...
1,ironic-by-clash,"@YodelOnline Hi! I have just received a photo of my dear parcel from China, amazing he is travelling around the world!! "
0,non-ironic,One things for sure IMA make y'all folks remember me.
1,ironic-by-clash,"@slavetothemic thanks for sharing Mike, your opinion means a lot to us.  #orisit?"
0,non-ironic,Drinking an Imperial IPA (2014-) by @GreenFlashBeer - http://t.co/IlJkEldUk4 #photo
0,non-ironic,@ChanaChristine haha they were never nice. Guess I'm not cool enough :pensive_face: #sadface
1,ironic-by-clash,"$BIDU up 2%. Officially announced Uber stake. $BIDU has market cap of $78.6 billion. Uber should top that in next VC round, right? "
1,ironic-by-clash,seeing ppl walking w/ crutches makes me really excited for the next 3 weeks of my life
1,ironic-by-clash,Fully charged my #Anker portable charger...it lasted 1/2 an hour.  Awesome #Fail
1,ironic-by-clash,Nothing like waiting at an airport. #youcanthearit
0,non-ironic,We buy into liberal individualism and see our individual fate as black people in no way linked to the collective fate-Bell Hooks #Ferguson
0,non-ironic,@eiafc seriously in the clothes section F&F
0,non-ironic,Seems as if @ProudMaryBoise wants to endorse me on LinkedIn for  - any thoughts on this from the #OMCchat crowd?
1,ironic-by-clash,"@EthanSnaps Just what the Bears need... A sense of urgency at QB position, using top pick at QB position "
1,ironic-by-clash,@walshamboy @TRobinsonNewEra @UKLabour there's a link somewhere just can't quite put my finger on it
1,ironic-by-clash,I picked a great night to not want to sleep.
1,ironic-by-clash,@theTiser @JulieBishopMP journalism at its best
0,non-ironic,you are the one LYING @RBRNetwork1 @TheOldBreed1775 @Dolphin__Man @Joseph_WarrenDR @jus1314tin
0,non-ironic,@roshpot So tht we can look into yr acc specifically we wld need to speak with you over the phone. Calls are charged at...
0,non-ironic,@SPmilkshake @MikeRTrice @neiltyson His tweet in the context of his history is what makes it a clear bait.
1,ironic-by-clash,Sweet United Nations video. Just in time for Christmas. #imagine #NoReligion  http://t.co/fej2v3OUBR
0,non-ironic,@RashawnFranklin Because I disagree w/ you? Trading three picks for one when you have glaring holes at numerous positions is ass-backwards.
0,non-ironic,I pray God comes back in America and saves us all.
1,ironic-by-clash,Yay for early morning protestors!  #heavyamountsofsarcasm
0,non-ironic,@Official_NFFC #spinless#gutless  acceptable
0,non-ironic,Being mom tonight was both refreshing and a real tbt
0,non-ironic,@nyormnyorm @iamedem Nice but  original
1,ironic-by-clash,@TheSunShowbiz @ScottishSun Love her. please publicise her more.
1,ironic-by-clash,"@steigerwaldino Nah, it's better we all act like the North Korean govt and police people's private thoughts. "
1,ironic-by-clash,@cafartic heh as if @Telstra and average work in the same sentence!
1,ironic-by-clash,Everone is supporting Fawad alam :D|No fawad no cricket :D :v|#Supportfawad |#Usman http://t.co/yRHonio84x
1,ironic-by-clash,Such quality customer service today by @Microsoft for the Xbox One  #thisiscrap #nothelpfulatall
0,non-ironic,@ref_kartik @SEXSTROLOGY @mikhil_nayyar first line is correct!! Can't say about the latter one!! :grinning_face_with_smiling_eyes:
1,ironic-by-clash,"@DefendWallSt @michellemalkin The more liberal the city, the more class and intelligence it exudes.  "
0,non-ironic,#notcies #eu Moscovici quizzed on extra time for three EU countries to hit eurozone targets http://t.co/abMSD156Cl
0,non-ironic,okay back to studying for math final
0,non-ironic,@AntoniaZ @MontgomerySue @torontoist Awesome! And well deserved.
1,ironic-by-clash,Just great when you're mobile bill arrives by text
1,ironic-by-clash,I love the hypocrisy of the holidays.
0,non-ironic,@Jude_Mugabi is it squirt or squat?
0,non-ironic,"The funky taste of chocolate with the Chunky Monkey all just in a cup .|| George of the Jungle,Cup and a Lick"
0,non-ironic,Nothing better than getting a snapchat from @mjbrothers21 with #the weight playing in the background #sameparents #sametunes
0,non-ironic,@LandODaFree It's no longer political.@BarackObama is setting the stage for all out race war.That is his only way he can succeed.
0,non-ironic,Shameless' accounting firms make vast sums advising rich on how to rip off taxpayers - accounting chief|http://t.co/9BSDuJAKXb <
0,non-ironic,I DON'T WANT TO SEE A REMAKE OF MY FAVORITE MOVIE.... OLDBOY WAS A PERFECT FILM.
1,ironic-by-clash,@moofer1972 @abc7newsBayArea That's fantastic up to date news. Also
1,ironic-by-clash,I should of just made a canvas of coffee stains and be done with it. #art
1,ironic-by-clash,Taking the bike through rainy and cold dark streets to the dentist. Yaaaay. #Somuchfun
0,non-ironic,Today has been a blast
2,situational-irony,": When some masseuses offer ""soothing"" massages the way reviewers offer stinging criticisms. #Masseuse=#Reviewer #Massage=#Criticism"
1,ironic-by-clash,Today is already shaping up to be fabulous
1,ironic-by-clash,@TheoCorleone @david_maclellan Shit! I better shut my stupid girly mouth because im so concerned about what men might think of me.
1,ironic-by-clash,@PizzaExpress so ...still no response from @PizzaExpress #greatcustomerrelations
1,ironic-by-clash,"@RedSox you guys sure screwed this up royally. I'm happy for Lester, the brain trust over there sucks. #nicejob  #LesterToChicago"
1,ironic-by-clash,Love waking up to grumpy people
0,non-ironic,"Life was never be so easy as it seems, till u come and bring u'r love inside.  with me"
1,ironic-by-clash,Thank you Harding science department for only giving us 55 minutes for our final.
1,ironic-by-clash,"Ostentatious ""a showy display designed to impress"". Thats the word I immediately think of when I see a woman feeding her child!  #Idiot"
0,non-ironic,@restlessduncan @SR_Duncan Yes I remember a little. But then an entirely new lineup came in? Is that what happened?
0,non-ironic,"OK, OK, GEEZ! I KNOW ALREADY! @itzwikipedia @engrossingfacts @mysteriousfact #totally  #repetetive http://t.co/WKbijSPVtL"
1,ironic-by-clash,@RazlanSings It's not work if you enjoy it #eh
1,ironic-by-clash,"Wow.. #shocker  RT @TheAtlantic: Dick Cheney on CIA torture: ""I'd do it again in a minute"" http://t.co/CppRItMqZJ http://t.co/nS7ZnAq2Ec"
0,non-ironic,@RedEyeFNC Saturday at 11:00?  Damn...there goes my secret news paraphernalia....   telling
1,ironic-by-clash,"Went off the road this morning as did my English professor , thank you FSU for your concern for commuters  :unamused_face:"
1,ironic-by-clash,"Oh materialism, how I've missed you. "
1,ironic-by-clash,@HarryS64 @Dale_Harris14 @rioferdy5 Well done. You have more Twitter followers than me. You have succeeded in life
0,non-ironic,@iHrithik |do 4 fans!|http://t.co/TVgJXJy9DH|SmartPhone APP PAYS you & YOUR FANS!!|See-http://t.co/AlppO5hIe5 |Go 2: https://t.co/3D4325qzyr
1,ironic-by-clash,Cc: @JohnCropp My last tweet. Wayne's World is a great movie.
0,non-ironic,"@goodgary99 Good yeah its been good.. Feel tired my self, bed soon :sleeping_face::sleeping_face: x"
1,ironic-by-clash,I just love working on Christmas and spending it alone 6 hours away from my family!
2,situational-irony,.@7eleven Big Gulps for health care http://t.co/CNuAviEMPY
1,ironic-by-clash,Sitting in this hall is fun!!:unamused_face:
0,non-ironic,"they dip, we drip #fat #sumo #hippoes #happy #like #so  #turtle #googlemapcibae #love #bij... http://t.co/P0viOrlrXc"
2,situational-irony,America released the Cuban spies to get Cuba to release the American spy who caught those Cuban spies.
0,non-ironic,"the ""2/3=75%"" is also in the top 10 LOL @TimOwensby @RBRNetwork1 @IndyEnigma @CalFreedomMom"
0,non-ironic,Oi na how am I functioning right now #sleepdeprived
1,ironic-by-clash,"@drapermark37 @susanbnj We must be tolerant and embrace the peaceful Islamic faith, Muslims are our peaceful brothers "
0,non-ironic,Produce Mobile Apps #bluedream| http://t.co/9NHimEIPSy http://t.co/9QHOFBuoyj
0,non-ironic,"@PompeyAirways yeah, and you ignored my point..."
1,ironic-by-clash,@Watchthisface25 looking forward to the time I have to traipse down the stairs to postie with a baby attached to my nipple! :flushed_face:
1,ironic-by-clash,my favorite thing to do on Tuesday is write psychology papers:neutral_face:  #killme
0,non-ironic,Can't believe it's been nearly 11months since my mum passed away :grimacing_face: miss her so much more and more everyday :purple_heart::two_hearts:
1,ironic-by-clash,Love being called into work on my morning off after not even 6 hours of sleep.  #thanks #splitshift
0,non-ironic,"My whole life is just ""oh ok""."
0,non-ironic,I can't wait to jump in my bed tonight and sleep!:sleeping_face: #sotired
0,non-ironic,Free Dating and Relationships Books #freebiebookdownload http://t.co/qcVGJ0mIFn #GreenLiving
0,non-ironic,JLPT tomorrow. I am feeling vaguely confident. But just vaguely.
0,non-ironic,@TonyBrown03 @ParkzTheDon @bigedh456 if not your :fisted_hand_sign::fisted_hand_sign: box them up yeah :face_with_tears_of_joy::face_with_tears_of_joy:
1,ironic-by-clash,OH and now the District line has major signal failures and delays FANTASTIC!!!
0,non-ironic,Sysdig Cloud - The Fascinating World of Linux System Calls < reminds me of my Solaris dtrace days in early 2000's http://t.co/e3YYx07tgQ
0,non-ironic,@dairymanNZ Its called  @DairyGirlNZ
0,non-ironic,@mathowie watch 1 & 2 and then watch 3 another time
1,ironic-by-clash,Christmas shopping on 2hrs sleep is going to be fun!!!!!
0,non-ironic,When you return in kind then so called friends label you as being unkind. :)
1,ironic-by-clash,"The late Howie Carr wd be amused to see Granny Warren putting the wood to a ""bow-tied bum kisser"" "
1,ironic-by-clash,For 9 grand a year we definitely get all of the information we need in this practical class
1,ironic-by-clash,Always nice when a 40 year old man you don't know calls you pretty
0,non-ironic,They thought I was gone ! These vegas niggas gone respect me and know I been doing this shit too ! & I... http://t.co/f9lY8Mx9cX
1,ironic-by-clash,Two people got me socks. Clutch af.
0,non-ironic,Went to check on 10 cause it was way late for sleeping and BAM she was never here. Why did no1 find it important to tell me this???
0,non-ironic,I'm not staring at your boobs hun..I'm looking at your heart #relax
1,ironic-by-clash,love being able to be comfortable in my own room:smiling_face_with_open_mouth::thumbs_up_sign:
0,non-ironic,@RevArun @c_of_e Money 4 Church|http://t.co/Q2WB7riAvK|SmartPhone APP PAYS you!|See-http://t.co/RDlRuGN0iE |Go 2: https://t.co/cpJZkEgNe7
0,non-ironic,Simply having a wonderful christmas time :D
1,ironic-by-clash,I was really happy to hear that all of the NBC hockey talking heads pointed out Ovechkin's strong Corsi & +4 status this season.
1,ironic-by-clash,When you're already running late and then your car won't start <<< #FantasticFriday
0,non-ironic,It's  #cute to be awake right now
1,ironic-by-clash,"Workaholics: if you're sick, don't let that stop you from bringing your germs into the office. We all appreciate your commitment. "
0,non-ironic,@Mhabs15 I'll bring it to work. The hoops one is a hit http://t.co/d8oY6uctMf
0,non-ironic,So excited for a whole new episode RHOA love this show!!!!!
1,ironic-by-clash,Halfway thorough my workday ... Woooo
0,non-ironic,#Bit #Chair #Comfy #Mind #Nope  #ikea #decor|Please RT: http://t.co/Ltwy7dhZFf http://t.co/D0TaUm1HuH
1,ironic-by-clash,"I love dating shows ! My favourite is Strictly come dancing, so good when it works out for them ! "
0,non-ironic,"Stop living like a king, you're not one So using this in real life. #ExodusMovie"
0,non-ironic,Today is just not my day :pensive_face:
0,non-ironic,I wish a mf would :fisted_hand_sign::fisted_hand_sign:| my day!
1,ironic-by-clash,About to fuck up this Media exam  #actuallyihopeso
0,non-ironic,@Missguided: Looking back on Saturday night like... http://t.co/YiZd4lXq3l @LouiseRosalia You about Thursday :face_with_tears_of_joy:
2,situational-irony,The downside to working in fisheries and conservation is that you can rarely afford the cool things that promote your job
1,ironic-by-clash,Dont we all just love those people who message you out of nowhere and act like you guys are close cus they want something from you?
0,non-ironic,@telur_o_telur after I went to Europe
0,non-ironic,"@BestProAdvice @IntThings More clean OR cleaner, never more cleaner "
0,non-ironic,"Facebook owner, Mark Zuckerberg, says ""dislike"" to creating a dislike button http://t.co/D38jb5IBmP"
0,non-ironic,I've honestly never even watched A Christmas Story. I've only seen random parts.
0,non-ironic,@HeyAmie @brad4word I have no idea why Brad would be in the doghouse...
1,ironic-by-clash,This should be fun next spring.  http://t.co/nb63wOUmKE
1,ironic-by-clash,@BBCNormanS @edballsmp That's going to stand him in good stead as. #chancellor. |.
1,ironic-by-clash,The Grinch Stole My Sanity http://t.co/ufecic7o0f via @Etsy #lol #fun #funny  http://t.co/vZanL412f0
0,non-ironic,#Putin #says #Russia #won't #be #intimidated #over #Crimea. http://t.co/UtmhPWgAtO via @reuters
0,non-ironic,Ugly Christmas Sweater  ;** #uglychristmassweaters #happyholidays #merrychristmas #kissesandhugs... http://t.co/p3fcp6Corx
1,ironic-by-clash,What a great person you are.
1,ironic-by-clash,Dissecting a rat first period is a great start to the day  :mouse:
1,ironic-by-clash,@honestfandom oh mature girls
1,ironic-by-clash,Can hear the trainees watching a training DVD while I'm on my break. Sounds fun :p
0,non-ironic,"Everyone has got a selfie stick this year. I've had one for ages, just saying  #mainsteam #TrendSetter"
0,non-ironic,This pressure is unreal. Keep it up
1,ironic-by-clash,Gutted Doyle has gone back to #wwfc. I don't think we saw what he's capable of. #cpfc
0,non-ironic,@HaadeaP the word itself is a mockery .... Bae ...like abey :persevering_face:
0,non-ironic,@philoliverh @nat_401 yea they keep bardgin in on stuff they dont even care for. get a hobby sjws! |also Babymetal is nice.^^
0,non-ironic,"@TraceyJRobbins @jrf_uk The link says ""The requested page could not be found.""||Was the  intentional?"
1,ironic-by-clash,It's not even 9 and I've already called the cops twice.. Damn I love my job :unamused_face:
0,non-ironic,#034i #100 #Glitter #Inside #Just #Lamp  #Of|Please RT: http://t.co/vqdSrYluKI http://t.co/FAJXkzU0FG
1,ironic-by-clash,Me when I think I can do a cartwheel!  http://t.co/pXuszu6upn
0,non-ironic,I still love the newsroom regardless of what everyone else thinks
1,ironic-by-clash,"Not a fun day for my mouth... Two teeth rebonded, one reengaged, and now I get to have my wisdom teeth out #soexcited "
0,non-ironic,Drinking a Mercury: The Winged Messenger (Planet Series) by @BellsBrewery - http://t.co/iOGZRrSfgl #photo
0,non-ironic,"I ate too much..... meal, i'm not even done with desserts!"
0,non-ironic,Finals are over! Stress free. |Cant wait!!!:airplane:️:heavy_black_heart:️:christmas_tree:
0,non-ironic,@jepischke @djdurkin The Bears are probably the worst franchise in football at the moment.
0,non-ironic,#KMYB19HR study http://t.co/4GiFoUIyml
0,non-ironic,"Canny wait to get my new phone, sneaks and clothes on thursday #payday #would #be #rude  #too"
1,ironic-by-clash,Finally 2015 will be a worry free year for me.
0,non-ironic,I just swallowed my giant lozenge. Now my throat actually hurts. I'm glad I have Twitter to share my despair. #sick
0,non-ironic,Cannot wait to be home but gonna miss alot of people :thumbs_down_sign: ah roll on the new year :thumbs_up_sign: #sligowillbehithardagain
1,ironic-by-clash,what a good time to start voting again  #BestNewArtist Fifth Harmony
1,ironic-by-clash,"Rolls-Royce, as envisioned by the wonderful people at Mansory #rollsroyce #purple #customcar  http://t.co/gbK733wrZ3"
0,non-ironic,I'll just assume Rex Grossman is starting.
2,situational-irony,LOL.. Micromax is promising that service?  http://t.co/AxG11utGOD
1,ironic-by-clash,About to write my math final really excited  #somethingrandom http://t.co/by8fVYYyZR
1,ironic-by-clash,Today I'll lecture on CRM investments & shareholder value ... So excited ....  :smirking_face: I'm sleepy :sleeping_face:
2,situational-irony,More  in winning a sweet hamper at a Christmas fete the day after a jellybean damaged a tooth!
1,ironic-by-clash,You know it's going to be a great day when you're Garmin resets itself and you spill some cinnamon down yourself  #slowclap
0,non-ironic,#Patriots #report #card: #Grades  #half bad: Tom Brady throws under pressure in the 2nd quarter during Sundays http://t.co/lzdBh8iHC4
1,ironic-by-clash,@JeremyCee @oldmanebro thank God for Kanye giving these unknowns some help.
0,non-ironic,Morning #monday people  long know keep working hard! #MakeSussexSafe 01273276865
1,ironic-by-clash,36 hours no food no drink going strong  #givemeabrew :person_with_folded_hands::loudly_crying_face::hot_beverage:
1,ironic-by-clash,"@MaddentheTwiggy: So happy I got an offer from Trinity Laban, I'd take Greenwich over Leeds any day leeds is where it's at :dancer::raised_hand: "
1,ironic-by-clash,@ddelafebre illridewithyou
0,non-ironic,"@lkoch99 Wow, neat! & a nice mini tour of Belfast as well. I think you should have asked for one of these for Xmas, Larry!"
0,non-ironic,@Ego_Gets_Dollas @DBrooks55 Kick Raiola out of the league. #Scumbag #RepeatOffender #OneGameIsNotEnough
0,non-ironic,I love procrastinating but I hate cramming.. -_-
0,non-ironic,"@adambelz @lee_osp @Vruno whenever I write anything with the word ""immigration"" in it, I'm happy if there's back-and-forth."
0,non-ironic,@itssocakey you cant score goals sitting on the bench or 15/20 min max its hard pal fill sorry for him
0,non-ironic,@TheReal_HsK bruhh I just saw a license plate that had the letters FDB :face_with_tears_of_joy:
0,non-ironic,"don't knw how to react everytime sum1 says me being in a wheelchair ""inspires"" them! im just living they same you are dude"
0,non-ironic,#phillhughes #63  #out we will miss u always respect for u http://t.co/1bJQAKjyxl
1,ironic-by-clash,Aw thanks mother nature. Merry Christmas to you too!
0,non-ironic,I'm officially on Twitter!### sure what to do after all these pound signs?!?!
2,situational-irony,Writing an article on mood enhancing foods. Telling people what to eat to be happy
0,non-ironic,Auntie just called and said shes on her way..|I better get dressed then :astonished_face::face_with_tears_of_joy::face_with_tears_of_joy:
1,ironic-by-clash,Yay for knee machines!  http://t.co/BNK8Z2LBsE
0,non-ironic,"@erinava as long as it's for taste purposes, that works for me. Are there any meats you like?"
0,non-ironic,And that's a wrap for 2014 shows kiddies. Ending in the Berkshires. #BoseL1Model2.
1,ironic-by-clash,First day of Christmas shopping tomorrow. Can not wait.
0,non-ironic,#sorry  #sorry I always do this... #cant #help #it #im #an #asshole #like #that http://t.co/Zp4JIBpSbj
1,ironic-by-clash,Shout outs to the guy who took a shower in 1 Million before heading out. The WHOLE BUS thanks you
2,situational-irony,"While politicians are busy in scuffles #PakArmy is doing their job yet maligned  ""@peaceful_h:Salute 2 PAKARMY http://t.co/XZje4FxCLf"""
0,non-ironic,@OpEdMarketing Is it snowing in Canada? Just on the hills here at the minute but hoping for a white Christmas
0,non-ironic,@Vanetbbi robert is handsome| ugly|#RDJ I love you|#你就算5隔格我都知你讲me ga|#BTW tomtom I love u too
0,non-ironic,I come up with some ridiculous scenarios in my head :thought_balloon:
0,non-ironic,Drawing with my little girl... Still can't believe she can draw this good!!!! #drawing #daughter... http://t.co/v1IOa07YLB
0,non-ironic,"Walking down the mall in front of a group of guys and hear ""even the momma got it"" Jesus lol everyone loves polly"
1,ironic-by-clash,So glad all that voting was put to good use!
1,ironic-by-clash,Big thanks to my teachers for the FOUR tests I have to take tomorrow #woohoo
0,non-ironic,@whipappeal_6 not always. They've found them in $500k homes
1,ironic-by-clash,I like listening to dads truck drivers tell me about them going to the strip joint and their old lady getting mad at them over it  :face_with_tears_of_joy:
1,ironic-by-clash,"@MatthewWRossi getting power from wind is so outdated and unsightly, we should be siphoning it directly from the sun by now. "
0,non-ironic,Getting my shit together in 2015 like........ #2015isthenewturnup #myboos #funtimes #makingmemories... http://t.co/elqmUTDtwS
1,ironic-by-clash,Should be a balanced view then  @pjhelliar @theprojecttv
1,ironic-by-clash,Tryna learn to skate tonight! :smiling_face_with_sunglasses:#pennyboard #skate  http://t.co/yPktQSLA7D
0,non-ironic,#Big #match #verdict: Tottenham's #Chelsea #loss #was  #another #dark #night #at #the ...: There was no end to... http://t.co/ozmBpRPR95
2,situational-irony,"@MBCompanyMan Also, I would not that my tone was joking, though it's difficult to properly convey that in a Tweet. "
1,ironic-by-clash,Nothing says welcome to home better than this. #wemissedyoutoo  http://t.co/TFidx55N3L
1,ironic-by-clash,Just got the message I need to start working at another location. Brilliant!  now rushing towards second location. Oh god I hate Mondays
0,non-ironic,"Yoga pants, a sweatshirt, and nikes, am I @RosieMorse yet? :face_with_tears_of_joy:"
0,non-ironic,@byrddddddd no but i followed you and i saw you posted that so i thot i might add on.....sorry
0,non-ironic,"@BudweiserIndia @EVC_India |Here we are all alone |You and me, |Privacy |And we can do anything |Your fantasy ||#GetMeToEVC"
2,situational-irony,From @D_Shariatmadari - 10 diktats from Brussels that are ruining life in Britain http://t.co/c33NQypIQZ http://t.co/5kpDMwRWTA
1,ironic-by-clash,Went neck deep in a swamp today so that was fun  #chilly
0,non-ironic,Senate Just Confirmed a New Cabinet Member That Has 2nd Amendment Supporters Furious - The Senate confirme... http://t.co/3TvNFNw8tn
0,non-ironic,Eeeek cinema date with the boo this weekend:see-no-evil_monkey::two_hearts:
0,non-ironic,Thirst will make you settle for a grenade bruh
0,non-ironic,@DianeWilmot1 @deray I honestly haven't a clue. I'd hope there were some since the surveillance cams I've seen show barely anything
0,non-ironic,"@ajmaljami no, not negation. Sometimes, peace is achieved in a way that you accept to be content by a constant searing."
0,non-ironic,Might go back to bed it's easier then making the effort @PatrickRowe123   #wrong :face_with_tears_of_joy::loudly_crying_face:
1,ironic-by-clash,Well done @tesco for making it possible to get emergency messages to a member of staff.
0,non-ironic,chicks be really pimping more then males these days #the#look #yallknowthatsnotcoolright?
1,ironic-by-clash,It's so much fun to drive a front wheel drive car in the snow
0,non-ironic,I liked a @YouTube video from @_stylebydani_ http://t.co/QGjcBlZYPt 2015 Challenge! Style By Dani
0,non-ironic,am really fuckin paying for it today #tequila #is  #the #one
1,ironic-by-clash,Turning in my paper then coming back home and studying #perfectday
1,ironic-by-clash,"Thank you to all of the lovely people who come to work sick, or come to eat sick.. I appreciate your germs... "
0,non-ironic,"@Bobert8675 this made me think of you ""@TFLN: (330): I need vodka mixed w a bit of holy water right now"""
1,ironic-by-clash,Air Passenger Duty for under 12s to be abolished. AT LAST! Something to help the homeless and impoverished! #AutumnStatement
0,non-ironic,@ParkzTheDon @Neilby70 Johny UR cracking me up on Facebook chatting up my mate :smiling_face_with_open_mouth_and_tightly-closed_eyes::smiling_face_with_open_mouth_and_tightly-closed_eyes::smiling_face_with_open_mouth_and_tightly-closed_eyes:
0,non-ironic,New England (-11.5) over New York Jets; Pittsburgh (-2.5) over Kansas City; Carolina (-4) over Cleveland.
1,ironic-by-clash,Like u go to Williamsville east ur parents hand u money but ur so much better than everyone else hahaha
1,ironic-by-clash,Planned on an early night last night.. Oh yaa course that happened..  #gotinterupted
1,ironic-by-clash,Aaaaaaaaand we're back in the ER. Hooray for no sleep!
0,non-ironic,#notcias #eu #europ Conselho Europeu 18-19 Dezembro 2014 - Click here for more up-to-date information on the Euro... http://t.co/wTtywbC1uu
0,non-ironic,big up @lorenz__daley 4 ur post When cunts run through your photos:unamused_face: #its#a#struggle#its#a#problem check da n... http://t.co/yhnuWmFlmE
0,non-ironic,@AliceOfLaLaLand I was using
1,ironic-by-clash,isnt it the best when youre really tired then when you finally get in bed youre wide awake? I LOVE IT
0,non-ironic,#Celtics RT @SeanGrandePBP: Jameer Nelson will start in his return to Orlando tonight. Marcus Smart will come off the bench.
0,non-ironic,"In case you haven't heard, this is happening - #WingedWarriors - http://t.co/SwUnbDChcB http://t.co/Uq01NXXusO"
1,ironic-by-clash,The good thing about college is that you're not asked to do evens or odds or even the back page of your worksheet.
0,non-ironic,Some guy chattin shit to me on the bus saying I look like snoop dogg #KMT #again
0,non-ironic,@thismamatweets will tweet you when I've got it back up and running.
0,non-ironic,Gonna be the shittest Christmas ever without my mum.. Gonna get so drunk :tropical_drink::tropical_drink::tropical_drink::tropical_drink::tropical_drink::tropical_drink:
0,non-ironic,Let's go CAVS!!! #cleveland #cavs #cavaliers #nba @ Quicken Loans Arena http://t.co/QiSPa7nC8B
0,non-ironic,That was the cutest thing ever :smiling_face_with_heart-shaped_eyes::face_throwing_a_kiss:
0,non-ironic,#Heisenberg Uncertainty Principle: Whatever you study you also change. #JurassicParkTheLostWorld #JurassicWorld #BreakingBad
0,non-ironic," I don't know why it's so fun, but it is. cx I could probably think and find out, but yeah. No. xD"
0,non-ironic,She's in Malawi and I'm stuck in joburg  fair http://t.co/HIRR63yN1d
1,ironic-by-clash,First day skiing #killedit  #iwasshit #tignes #seasonlife http://t.co/oHYSozoNPP
0,non-ironic,Count the scars on your soul
0,non-ironic,"Coin ! erraji: "" ZeeGingaNinja: because it seems that some people here need this clarification #sydneysiege ... http://t.co/7QsgzEotfp"""
0,non-ironic,She can get it raw !!!
1,ironic-by-clash,"Yeah, because that's what's most important. . The man really is a prized prat. https://t.co/pVUi0cgGYK"
0,non-ironic,@CopperBronzed No reasons given. Some waited expecting a call but only found they were not chosen from media announcement
0,non-ironic,Queens Of The Stone Age no Rock In Rio http://t.co/rhqRtBAxGm ícias #queensofthestoneage #rockinrio
0,non-ironic,Off to a slow start this morning . :weary_face:
1,ironic-by-clash,#ready for doing #business today :smiling_face_with_open_mouth_and_smiling_eyes:  :see-no-evil_monkey: #tiredashell #coffeecoffeecoffee #morecoffee #... http://t.co/baKHHhFBA4 http://t.co/juZ8pLcNES
1,ironic-by-clash,I just love a chaotic school run!!!...
1,ironic-by-clash,"@Expherience  haha or are a chainsaw murder, or a corrupt fortune 500 ceo, or a rapist, w.e makes you happy.  #hebetripping"
1,ironic-by-clash,This photo of @celinedion 's pool via @richpayne88 has really brightened up my morning.... http://t.co/ULHQFtbCdP
1,ironic-by-clash,Having nothing you studied be on the test is just fckn greaaat
0,non-ironic,"@Steeeneer @TMZ I know,  right?  Not like the LAPD have anything better to do. This ain't a distraction or nothing.|"
1,ironic-by-clash,Morning cry session with my roomie. Today's going to be a great day.
1,ironic-by-clash,So this week is just getting better and better  :loudly_crying_face:
1,ironic-by-clash,@markknoller That'll work...  #HellBeFiredinElevenMonths
0,non-ironic,"@srossi72 @RFerdenzi I wish son. like I said, twitter, wit on twitter and the magic of photos that are  3D = smoke and mirrors effect."
0,non-ironic,Coffee and prioritizing the mess that is me; trying to be #grown but clearly I am
0,non-ironic,Happy new year to meeeee... http://t.co/ZLtXiVB7qH
0,non-ironic,"can the next person who wants to educate me on any point please be very bloody educates before they speak to me, getting bored now"
0,non-ironic,They are still trying to decide if it's terrorism?? OMG! #sydneysiege
1,ironic-by-clash,"@TobiasHellquist wow, that is some fluent finnish "
0,non-ironic,I adapted the Snoopy comic for academic paper submission :P Reviewer 2 is the stuff of nightmares! http://t.co/KPGul80o2g
0,non-ironic,@RedFMIndia @SunburnFestival |Answer 2- More than 150 artists |#WinSunburnPasses
0,non-ironic,"Every parent wants their child to get ahead, help your child with a sponsorship/grant from @TheMMBF #charity"
0,non-ironic,"Giving 200 Cr. Water Subsidy to ""Public"" is a CRIME & Wasting 200 Cr. On Advertisement is DEVELOPMENT...Waah ji waah http://t.co/Q6XoGUmL9T"
0,non-ironic,Incredible. RT @Buster_ESPN: The Red Sox have an agreement with Justin Masterson.
0,non-ironic,@ntsikimazwai should just relate to her water first AMEN
0,non-ironic,"@inthisdimension @2AFight No, it's secured by the Cartels so that they can charge huge sums of money for illegals to cross into the US."
0,non-ironic,@MistressMental Frisky at 2am? That's nothing new.
0,non-ironic,i feel like whole life is about waiting waiting and waiting
1,ironic-by-clash,MLS Transactions 2015 #MLS http://t.co/hGIAVdLyx7|#TFC making waves again   2 b fair it will take more than 2 players to fix this
1,ironic-by-clash,There's nothing better than the feeling of being loved :unamused_face: lol nothing :thumbs_up_sign:
0,non-ironic,"#Forever #Young, Forever  #Out, Forever in #our #hearts. |#RIP #PhillipJoelHughes. @vCricketAU @CricketAus"
0,non-ironic,Same #Soundcloud dl: http://t.co/2I8CRNHDUh Follow> @LexiNRealLife #ATL #ConsciousMusic http://t.co/P6pzAjr2Vm
0,non-ironic,Suppose I best move my arse to the #gym. Anything to put off wrapping presents :confused_face::wrapped_present: #christmas #chore
0,non-ironic,My Com professor keeps talking about Twitter. ||Lel
0,non-ironic,Had to take a #PatioPics - snow falling still. This was totally clear when I went to sleep. #WCCO http://t.co/uRTI8PuZQZ
0,non-ironic,Imagine an imaginary menagerie manager managing an imaginary menagerie.
1,ironic-by-clash,A 21 year old (whatever age you are IDGAF) acting like an immature little @#$%& in public? Yup you're a classy one.  #SoNotClassy
1,ironic-by-clash,"All we do is eat, watch movies and kick the shit out of each other' :face_with_tears_of_joy: #RelationshipGoalsAccomplished "
0,non-ironic,The winner goes to this stocking! They bribed me. ;) http://t.co/JagIuUrxe7
0,non-ironic,Upgraded seats:grinning_face_with_smiling_eyes: kinda scared #sundayfunday #sundaydateday #mylove http://t.co/JuDvTug2x1
1,ironic-by-clash,Awesome rainy day at the track!!  http://t.co/inZFxQcjGU
2,situational-irony,"@virginmedia Advertising an online special with an expiry countdown, yet you cant order anything or check your postcodes validity. "
0,non-ironic,It's too early to be awake! :confounded_face:
1,ironic-by-clash,The world is such a smiley place. :flushed_face:
0,non-ironic,Overcast at Creso. #todayimloving #beachwalk #crescenthead http://t.co/daEk2DAjBg
1,ironic-by-clash,I'm fricken peachy today!!
0,non-ironic,"@Arbys: If you're loving this game, we've got a few desserts you might enjoy. #Turnovers #OREvsFSU even Arby's is talking smack to FSU"
0,non-ironic,Xmas on the blog feat @intimissimiofficial and @calzedonia * Read our story and share the LOVE :heavy_black_heart:️ Click the link... http://t.co/flWpJ1pohN
0,non-ironic,A new year about to start|So many people came so many went|But always wat's gone is better.
0,non-ironic,doesn't convey what I want though. #twitterproblemsforme
1,ironic-by-clash,"You keep cops and civilians accountable with body cameras RIP Eric Gardner .Cameras don't keep people accountable , people do"
1,ironic-by-clash,"Today I'm standing at the front of Tesco wearing an Elf's hat, saying hello to customers and getting ignored. #dreamjob "
0,non-ironic,"@oneplanetmikey @misskylie77 I had never heard of them before, but I quite liked it!"
0,non-ironic,@KelseyDPeterson @Get_Merked22 I can sign you in as my guest....
0,non-ironic,@ReedWilkerson I was tempted but I didn't want to one-up your tats with mine
0,non-ironic,Do you like quality #dancemusic? Go to http://t.co/caSQNIO8Ka for some great FREE downloads #UK #NightClub> @biggrooverecord
0,non-ironic,"Salt n Peppa's Geico commercial is literally the best, ever. Only one that beats it is Hump Day."
0,non-ironic,http://t.co/qVxNOdpa3Z #TeenAnalCasting #Highway Highway 69 &#8211; Disturbed (Dedicated to a girl raped on 16/12/12)
0,non-ironic,God bless whoever came up with the idea of making coloureds bruh..not cape colourds thou
1,ironic-by-clash,Ohhh the joy of getting pulled over :green_heart:  http://t.co/13fB4tnEi4
2,situational-irony,When you have Challah French Toast on Christmas
0,non-ironic,"http://t.co/ujGpP2LgaL #AnalQueenAlysa #Four Four girls, a lot of drinks and a few strap-on&#8230; that&#8217;s&#8230;"
0,non-ironic,@jtomase @alexspeier Can we bring back Youkilis? Remember when 30 year old Youk charged mound & 19 year old Porcello dropped him? #RedSox
0,non-ironic,@BavarianShady no u dnt hav to..bt sme ppl do....evn whn they do shit.. :-P
2,situational-irony,@XboxSupport even your link to the service alert is down.
1,ironic-by-clash,"Hey, @HLTVorg. DenialCSGO decided that they want to replace @denialfugly and I'm their new player. #NAShuffle Nobody is safe. #CSGO "
2,situational-irony,: Historians collecting correct facts about wrong abuse. #Correct=#Wrong #FactAboutAbuse
1,ironic-by-clash,MT Darth Vader is polling higher than all potential 2016 US presidential candidates http://t.co/Kuv3dp8pZm|Are you surprised?
0,non-ironic,Running on less than 4 hours of sleep... #longnight #longday #sleepy
0,non-ironic,@TylerJShock How do you score on someone?
0,non-ironic,"Some ""new"" vinyl on the turntable tonight. Here's to you Joe. @TheClash #JoeStrummer #Sandinista http://t.co/2N3ZjJZYQo"
1,ironic-by-clash,Where's the Good Governance that we are ordered to celebrate on Dec 25th ??? #goodgovernanceday #Christmas
1,ironic-by-clash,A maths tutorial is exactly what I need right now  #lol #struggle #uni
